STATE,DISTRICT,AC NO. ,AC NAME,CANDIDATE NAME ,WINNER,SEX ,Qualification,ASSETS,CRIMINAL CASES,AGE ,CATEGORY ,PARTY ,SYMBOL,GENERAL ,POSTAL ,TOTAL ,% VOTES POLLED ,%OVER TOTAL ELECTORS,TOTAL ELECTORS 
NCT OF Delhi,,1,NARELA,1 SHARAD KUMAR,1,MALE,,,,44,GENERAL,AAAP,Broom,86070,192,86262,52.06102816,33.96382421,253982
NCT OF Delhi,,1,NARELA,2 NEEL DAMAN KHATRI,0,MALE,,,,49,GENERAL,BJP,Lotus,68244,589,68833,41.54224052,27.10152688,253982
NCT OF Delhi,,1,NARELA,3 SIDDHARTH KUNDU,0,MALE,,,,41,GENERAL,INC,Hand,6240,30,6270,3.784083914,2.468678883,253982
NCT OF Delhi,,1,NARELA,4 RAJBALA SAINI,0,FEMALE,,,,44,GENERAL,LTSP,Pressure Cooker,1077,5,1082,0.653010972,0.426014442,253982
NCT OF Delhi,,1,NARELA,5 MAHENDER CHAUDHARY,0,MALE,,,,44,GENERAL,BSP,Elephant,811,10,821,0.495491689,0.323251254,253982
NCT OF Delhi,,1,NARELA, NOTA,0,,,,,,,NOTA,,746,7,753,0.454452183,0.296477703,253982
NCT OF Delhi,,1,NARELA,7 NAR SINGH,0,MALE,,,,39,GENERAL,SHtP,Green Chilli,603,1,604,0.364527382,0.237812128,253982
NCT OF Delhi,,1,NARELA,8 SULESH KUMAR,0,MALE,,,,50,GENERAL,AAPP,Battery torch,495,,495,0.298743467,0.194895701,253982
NCT OF Delhi,,1,NARELA,9 SURESH KUMAR,0,MALE,,,,61,SC,PPID,Basket containing Fruits,180,,180,0.108633988,0.070871164,253982
NCT OF Delhi,,1,NARELA,10 ADITI,0,FEMALE,,,,26,GENERAL,IND,Plastering Trowel,151,,151,0.091131845,0.059453032,253982
NCT OF Delhi,,1,NARELA,11 CHAND RAM,0,MALE,,,,57,GENERAL,RAJSPty,Telephone,138,,138,0.083286057,0.054334559,253982
NCT OF Delhi,,1,NARELA,12 RAMESH KUMAR,0,MALE,,,,54,SC,BSNP,Wheel Barrow,104,1,105,0.063369826,0.041341512,253982
NCT OF Delhi,,2,BURARI,1 SANJEEV JHA,1,MALE,,,,40,GENERAL,AAAP,Broom,139368,230,139598,62.80955295,38.5946481,361703
NCT OF Delhi,,2,BURARI,2 SHAILENDRA KUMAR,0,MALE,,,,60,GENERAL,JD(U),Arrow,50941,499,51440,23.14448204,14.22161276,361703
NCT OF Delhi,,2,BURARI,3 DHARAM VEER,0,MALE,,,,70,SC,SHS,Bow & Arrow,18022,22,18044,8.118565978,4.988623263,361703
NCT OF Delhi,,2,BURARI,4 PRAMOD TYAGI,0,MALE,,,,56,GENERAL,RJD,Hurricane Lamp,2262,16,2278,1.024944208,0.629798481,361703
NCT OF Delhi,,2,BURARI,5 GANGA RAM,0,MALE,,,,56,SC,BSP,Elephant,1857,12,1869,0.84092218,0.516722283,361703
NCT OF Delhi,,2,BURARI,6 RANJEET SINGH,0,MALE,,,,42,GENERAL,UKKD,Balloon,1239,5,1244,0.559714923,0.343928582,361703
NCT OF Delhi,,2,BURARI,7 ANIL KUMAR YADAV,0,MALE,,,,28,GENERAL,BSNP,Wheel Barrow,1206,4,1210,0.544417249,0.334528605,361703
NCT OF Delhi,,2,BURARI,8 NOTA,0,,,,,,,NOTA,,1198,8,1206,0.542617522,0.333422725,361703
NCT OF Delhi,,2,BURARI,9 MANOJ RAI,0,MALE,,,,37,GENERAL,AAPP,Battery torch,805,1,806,0.362644878,0.222834757,361703
NCT OF Delhi,,2,BURARI,10 DEEPAK GUPTA,0,MALE,,,,41,GENERAL,RLD,Diesel Pump,671,5,676,0.304153769,0.186893667,361703
NCT OF Delhi,,2,BURARI,11 AMARJEET KUMAR,0,MALE,,,,39,GENERAL,SUCI,Glass Tumbler,653,1,654,0.294255273,0.180811329,361703
NCT OF Delhi,,2,BURARI,12 RAM SUSHIL MISHRA,0,MALE,,,,29,GENERAL,SatBP,Black Board,456,,456,0.205168814,0.126070284,361703
NCT OF Delhi,,2,BURARI,13 SHIV NARAYAN SINGH,0,MALE,,,,57,SC,PPID,Basket containing Fruits,382,,382,0.171873875,0.10561151,361703
NCT OF Delhi,,2,BURARI,14 MONU,0,MALE,,,,29,GENERAL,BhaRP,Whistle,347,,347,0.156126269,0.095935063,361703
NCT OF Delhi,,2,BURARI,15 SHAILENDRA SINGH PARIHAR,0,MALE,,,,37,GENERAL,IND,Walking Stick,289,2,291,0.130930099,0.080452747,361703
NCT OF Delhi,,2,BURARI,16 PANKAJ KUMAR AGRAWAL,0,MALE,,,,43,GENERAL,RPPRINAT,COMPUTER,287,,287,0.129130372,0.079346867,361703
NCT OF Delhi,,2,BURARI,17 ARVIND MISHRA,0,MALE,,,,45,GENERAL,HND,Water Tank,285,,285,0.128230509,0.078793928,361703
NCT OF Delhi,,2,BURARI,18 AWDESH VERMA ALIAS AVDHESH VERMA,0,MALE,,,,40,GENERAL,JANADIP,Dolli,281,1,282,0.126880714,0.077964518,361703
NCT OF Delhi,,2,BURARI,19 AAZAD NAFE SINGH RAJPUT,0,MALE,,,,46,GENERAL,IND,Brush,227,,227,0.102134476,0.062758672,361703
NCT OF Delhi,,2,BURARI,20 KRISHNA MOHAN JHA,0,MALE,,,,46,GENERAL,AASPS,Auto- Rickshaw,182,1,183,0.082337485,0.050593996,361703
NCT OF Delhi,,2,BURARI,21 USHA GAUTAM,0,FEMALE,,,,64,SC,RAM,Key,180,,180,0.08098769,0.049764586,361703
NCT OF Delhi,,2,BURARI,22 DINESH KUMAR MISHRA,0,MALE,,,,42,GENERAL,RSPS,Cup & Saucer,164,1,165,0.074238716,0.045617537,361703
NCT OF Delhi,,2,BURARI,23 GULAB SINGHAL,0,MALE,,,,44,GENERAL,RJSPS,Tractor Chalata Kissan,146,,146,0.065690015,0.040364609,361703
NCT OF Delhi,,3,TIMARPUR,1 DILIP PANDEY,1,MALE,,,,39,GENERAL,AAAP,Broom,71345,87,71432,57.60134182,35.08465169,203599
NCT OF Delhi,,3,TIMARPUR,2 SURINDER PAL SINGH (BITTOO),0,MALE,,,,59,GENERAL,BJP,Lotus,47136,152,47288,38.13210118,23.22604728,203599
NCT OF Delhi,,3,TIMARPUR,3 AMAR LATA SANGWAN,0,FEMALE,,,,51,GENERAL,INC,Hand,3085,17,3102,2.501391006,1.523583122,203599
NCT OF Delhi,,3,TIMARPUR,4 NOTA,0,,,,,,,NOTA,,507,1,508,0.40964108,0.249510066,203599
NCT OF Delhi,,3,TIMARPUR,5 SONU KAUSHIK,0,MALE,,,,47,GENERAL,AAPP,Battery torch,495,,495,0.399158139,0.243124966,203599
NCT OF Delhi,,3,TIMARPUR,6 ADVOCATE UMA SHANKER GAUTAM,0,MALE,,,,38,SC,BSP,Elephant,305,1,306,0.246752304,0.150295434,203599
NCT OF Delhi,,3,TIMARPUR,7 SANJEEV KUMAR RANA,0,MALE,,,,51,GENERAL,CPI,Ears of Corn And Sickle,245,,245,0.197563119,0.120334579,203599
NCT OF Delhi,,3,TIMARPUR,8 VISHAL GHANSHAM GHOBALE,0,MALE,,,,36,GENERAL,TPSTP,Kettle,129,,129,0.10402303,0.06335984,203599
NCT OF Delhi,,3,TIMARPUR,9 HEMRAJ,0,MALE,,,,34,SC,PPID,Basket containing Fruits,105,,105,0.084669908,0.051571963,203599
NCT OF Delhi,,3,TIMARPUR,10 AMITA MALIK,0,FEMALE,,,,32,GENERAL,AKBHJSP,Water Tank,88,,88,0.070961447,0.043222216,203599
NCT OF Delhi,,3,TIMARPUR,11 PARASHU RAM MAURYA,0,MALE,,,,50,GENERAL,JANADIP,Dolli,84,,84,0.067735927,0.04125757,203599
NCT OF Delhi,,3,TIMARPUR,12 KAVITA,0,FEMALE,,,,38,GENERAL,BSNP,Wheel Barrow,80,,80,0.064510406,0.039292924,203599
NCT OF Delhi,,3,TIMARPUR,13 RAJ KUMAR MALIK,0,MALE,,,,27,GENERAL,SatBP,Black Board,62,,62,0.049995565,0.030452016,203599
NCT OF Delhi,,3,TIMARPUR,14 JAGANNATH,0,MALE,,,,70,SC,bjdi,Hat,53,,53,0.042738144,0.026031562,203599
NCT OF Delhi,,3,TIMARPUR,15 YUGAL KISHOR PODDAR,0,MALE,,,,52,GENERAL,RVNP,Gas Stove,34,,34,0.027416923,0.016699493,203599
NCT OF Delhi,,4,ADARSH NAGAR,1 PAWAN SHARMA,1,MALE,,,2,53,GENERAL,AAAP,Broom,46808,84,46892,45.19623718,27.04018084,173416
NCT OF Delhi,,4,ADARSH NAGAR,2 RAJ KUMAR BHATIA,0,MALE,,,NA,54,GENERAL,BJP,Lotus,45066,237,45303,43.66470044,26.12388707,173416
NCT OF Delhi,,4,ADARSH NAGAR,3 MUKESH KUMAR GOEL,0,MALE,,,NA,59,GENERAL,INC,Hand,9986,28,10014,9.651862133,5.774553674,173416
NCT OF Delhi,,4,ADARSH NAGAR,4 CHANDER PAL,0,MALE,,,NA,42,SC,BSP,Elephant,530,2,532,0.5127612,0.306776768,173416
NCT OF Delhi,,4,ADARSH NAGAR,5 NOTA,0,,,,NA,,,NOTA,,417,2,419,0.403847637,0.241615537,173416
NCT OF Delhi,,4,ADARSH NAGAR,6 KAILASH,0,MALE,,,NA,40,GENERAL,AAPP,Battery Torch,302,,302,0.291078726,0.174147714,173416
NCT OF Delhi,,4,ADARSH NAGAR,7 VIJAY KR AGGARWAL,0,MALE,,,NA,58,GENERAL,IND,Bat,163,1,164,0.158069242,0.094570282,173416
NCT OF Delhi,,4,ADARSH NAGAR,8 SHASHI,0,FEMALE,,,NA,34,GENERAL,IND,Key,125,1,126,0.121443442,0.072657656,173416
NCT OF Delhi,,5,BADLI,1 AJESH YADAV,1,MALE,,,0,52,GENERAL,AAAP,Broom,69357,70,69427,49.64638916,31.56619275,219941
NCT OF Delhi,,5,BADLI,2 VIJAY KUMAR BHAGAT,0,MALE,,,NA,54,GENERAL,BJP,Lotus,40234,99,40333,28.84162954,18.33809976,219941
NCT OF Delhi,,5,BADLI,3 DEVENDER YADAV,0,MALE,,,NA,45,GENERAL,INC,Hand,27449,34,27483,19.65275344,12.49562383,219941
NCT OF Delhi,,5,BADLI,4 NOTA,0,,,,NA,,,NOTA,,608,1,609,0.435488369,0.276892439,219941
NCT OF Delhi,,5,BADLI,5 LAXMAN KUMAR,0,MALE,,,NA,27,GENERAL,BSP,Elephant,579,,579,0.41403574,0.263252418,219941
NCT OF Delhi,,5,BADLI,6 SIDDHARTH NAIR,0,MALE,,,NA,29,GENERAL,IND,CCTV Camera,276,1,277,0.198079275,0.125942866,219941
NCT OF Delhi,,5,BADLI,7 VIJAY KUMAR,0,MALE,,,NA,40,SC,AAPP,Battery torch,246,,246,0.175911558,0.111848177,219941
NCT OF Delhi,,5,BADLI,8 UMA DUTT SHARMA,0,MALE,,,NA,58,GENERAL,RAM,Scissors,212,,212,0.151598578,0.096389486,219941
NCT OF Delhi,,5,BADLI,9 VIKASH KUMAR,0,MALE,,,NA,27,GENERAL,IND,Brush,151,,151,0.107978233,0.068654776,219941
NCT OF Delhi,,5,BADLI,10 MULAYAM SINGH,0,MALE,,,NA,33,GENERAL,AKBHJSP,Water Tank,143,,143,0.102257532,0.065017436,219941
NCT OF Delhi,,5,BADLI,11 DEVENDER SINGH YADAV,0,MALE,,,NA,40,GENERAL,IND,Batsman,129,,129,0.092246305,0.058652093,219941
NCT OF Delhi,,5,BADLI,12 NARENDRA PAL SINGH,0,MALE,,,NA,29,GENERAL,RSPS,Cup & Saucer,125,,125,0.089385954,0.056833424,219941
NCT OF Delhi,,5,BADLI,13 JAI PAL,0,MALE,,,NA,46,GENERAL,IND,Television,83,,83,0.059352274,0.037737393,219941
NCT OF Delhi,,5,BADLI,14 PRADEEP KUMAR,0,MALE,,,NA,36,GENERAL,SatBP,Black Board,46,,46,0.032894031,0.0209147,219941
NCT OF Delhi,,6,RITHALA,1 MOHINDER GOYAL,1,MALE,,,,55,GENERAL,AAAP,Broom,87807,133,87940,52.63378402,31.44611358,279653
NCT OF Delhi,,6,RITHALA,2 MANISH CHAUDHARY,0,MALE,,,,38,GENERAL,BJP,Lotus,73813,254,74067,44.33052628,26.48532288,279653
NCT OF Delhi,,6,RITHALA,3 PRADEEP KUMAR PANDEY,0,MALE,,,,48,GENERAL,INC,Hand,2634,17,2651,1.586674567,0.947960508,279653
NCT OF Delhi,,6,RITHALA,4 NOTA,0,,,,,,,NOTA,,821,3,824,0.493179873,0.294650871,279653
NCT OF Delhi,,6,RITHALA,5 RAJESH KUMAR,0,MALE,,,,45,SC,BSP,Elephant,487,4,491,0.293872958,0.17557473,279653
NCT OF Delhi,,6,RITHALA,6 ALOK DIXIT,0,MALE,,,,43,GENERAL,IND,FLUTE,272,,272,0.16279724,0.097263394,279653
NCT OF Delhi,,6,RITHALA,7 VIDYA PATI,0,MALE,,,,48,GENERAL,IND,Cauliflower,232,,232,0.138856469,0.082959954,279653
NCT OF Delhi,,6,RITHALA,8 SHIV NANDAN SINGH,0,MALE,,,,45,GENERAL,BSKRP,Helicopter,188,,188,0.112521622,0.06722617,279653
NCT OF Delhi,,6,RITHALA,9 TRIBENI PRASAD,0,MALE,,,,67,GENERAL,IND,Brief Case,172,,172,0.102945313,0.061504793,279653
NCT OF Delhi,,6,RITHALA,10 SURAJ SINGH,0,MALE,,,,27,GENERAL,AKBHJSP,Water Tank,82,,82,0.04907858,0.029322053,279653
NCT OF Delhi,,6,RITHALA,11 VIJAY KUMAR,0,MALE,,,,47,GENERAL,RaNP,Pot,57,,57,0.034115598,0.020382402,279653
NCT OF Delhi,,6,RITHALA,12 WAHEED KHAN,0,MALE,,,,34,GENERAL,TPSTP,Kettle,53,,53,0.031721521,0.018952058,279653
NCT OF Delhi,,6,RITHALA,13 JANAB MULLA,0,MALE,,,,41,GENERAL,ASSP,Gas Cylinder,50,,50,0.029925963,0.0178793,279653
NCT OF Delhi,,7,BAWANA(SC),1 JAI BHAGWAN,1,MALE,,,,38,SC,AAAP,Broom,95455,260,95715,48.37951497,29.9522154,319559
NCT OF Delhi,,7,BAWANA(SC),2 RAVINDER KUMAR,0,MALE,,,,45,SC,BJP,Lotus,83456,733,84189,42.55365393,26.34536971,319559
NCT OF Delhi,,7,BAWANA(SC),3 SURENDER KUMAR,0,MALE,,,,62,SC,INC,Hand,12716,87,12803,6.471325603,4.006458901,319559
NCT OF Delhi,,7,BAWANA(SC),4 RANJIT RAM,0,MALE,,,,41,SC,BSP,Elephant,1931,10,1941,0.981085917,0.607399573,319559
NCT OF Delhi,,7,BAWANA(SC),5 ABHIPSA CHAUHAN,0,FEMALE,,,,25,SC,CPI,Ears of Corn And Sickle,1227,,1227,0.62019187,0.383966654,319559
NCT OF Delhi,,7,BAWANA(SC),6 NOTA,0,,,,,,,NOTA,,1031,15,1046,0.528704724,0.327326096,319559
NCT OF Delhi,,7,BAWANA(SC),7 PRADEEP,0,MALE,,,,46,SC,AAPP,Battery torch,919,2,921,0.465522993,0.288209689,319559
NCT OF Delhi,,8,MUNDKA,1 DHARAMPAL LAKRA,1,MALE,,,,61,GENERAL,AAAP,Broom,90194,99,90293,53.77624252,31.90745767,282984
NCT OF Delhi,,8,MUNDKA,2 AZAD SINGH,0,MALE,,,,68,GENERAL,BJP,Lotus,70855,280,71135,42.36621899,25.1374636,282984
NCT OF Delhi,,8,MUNDKA,3 NARESH KUMAR,0,MALE,,,,58,GENERAL,INC,Hand,5073,9,5082,3.026711533,1.79586125,282984
NCT OF Delhi,,8,MUNDKA,4 NOTA,0,,,,,,,NOTA,,898,5,903,0.537804115,0.319099313,282984
NCT OF Delhi,,8,MUNDKA,5 CHETRAM,0,MALE,,,,71,GENERAL,SatBP,Black Board,273,,273,0.162591942,0.096471885,282984
NCT OF Delhi,,8,MUNDKA,6 KARAM CHAND LATHWAL,0,MALE,,,,53,GENERAL,BPC,Gas Cylinder,218,1,219,0.130430898,0.077389534,282984
NCT OF Delhi,,9,KIRARI,1 RITURAJ GOVIND,1,MALE,,,,31,GENERAL,AAAP,Broom,86255,57,86312,49.76705568,31.51729376,273856
NCT OF Delhi,,9,KIRARI,2 ANIL JHA,0,MALE,,,,46,GENERAL,BJP,Lotus,80551,107,80658,46.50698833,29.45270507,273856
NCT OF Delhi,,9,KIRARI,3 KAUSHAL MISHRA,0,MALE,,,,44,GENERAL,IND,Ganna Kisan,1830,,1830,1.055168596,0.668234401,273856
NCT OF Delhi,,9,KIRARI,4 RABINDRA KUMAR SINGH,0,MALE,,,,46,GENERAL,BSP,Elephant,1554,3,1557,0.897758199,0.568546974,273856
NCT OF Delhi,,9,KIRARI,5 NOTA,0,,,,,,,NOTA,,1068,3,1071,0.617533097,0.391081444,273856
NCT OF Delhi,,9,KIRARI,6 RAVINDER KUMAR,0,MALE,,,,26,SC,IND,Battery torch,721,,721,0.415724895,0.263277051,273856
NCT OF Delhi,,9,KIRARI,7 REKHA BHARTI,0,FEMALE,,,,58,GENERAL,IND,SHIP,512,,512,0.295216569,0.18695957,273856
NCT OF Delhi,,9,KIRARI,8 MD RIYAZUDDIN KHAN,0,MALE,,,,40,GENERAL,RJD,Hurricane Lamp,255,1,256,0.147608285,0.093479785,273856
NCT OF Delhi,,9,KIRARI,9 PRAHLAD MAURYA,0,MALE,,,,34,GENERAL,IND,School Bag,206,,206,0.118778541,0.075222014,273856
NCT OF Delhi,,9,KIRARI,10 AJIT KUMAR,0,MALE,,,,40,GENERAL,LJP,Bungalow,121,,121,0.069767978,0.044183805,273856
NCT OF Delhi,,9,KIRARI,11 SHAWKAT ALI ANSARI,0,MALE,,,,48,GENERAL,ASSP,Gas Cylinder,103,,103,0.059389271,0.037611007,273856
NCT OF Delhi,,9,KIRARI,12 RAKESH KUMAR,0,MALE,,,,43,GENERAL,SatBP,Black Board,85,,85,0.049010563,0.03103821,273856
NCT OF Delhi,,10,SULTANPUR MAJRA(SC),1 Mukesh Kumar Ahlawat,1,MALE,,,,44,SC,AAAP,Broom,74489,84,74573,66.50880713,42.46222,175622
NCT OF Delhi,,10,SULTANPUR MAJRA(SC),2 Ram Chander Chawriya,0,MALE,,,,51,SC,BJP,Lotus,26447,74,26521,23.65306577,15.10118322,175622
NCT OF Delhi,,10,SULTANPUR MAJRA(SC),3 Jai Kishan,0,MALE,,,,61,SC,INC,Hand,9000,33,9033,8.056187291,5.143433055,175622
NCT OF Delhi,,10,SULTANPUR MAJRA(SC),4 Neelam,0,FEMALE,,,,35,SC,BSP,Elephant,670,1,671,0.598439242,0.382070583,175622
NCT OF Delhi,,10,SULTANPUR MAJRA(SC),5 NOTA,0,,,,,,,NOTA,,459,1,460,0.41025641,0.261926182,175622
NCT OF Delhi,,10,SULTANPUR MAJRA(SC),6 Mahender Kumar,0,MALE,,,,47,SC,svjn,Typewriter,351,,351,0.313043478,0.199861065,175622
NCT OF Delhi,,10,SULTANPUR MAJRA(SC),7 Gayatri,0,FEMALE,,,,31,SC,IND,Boat with Man and Sail,283,,283,0.252396878,0.161141543,175622
NCT OF Delhi,,10,SULTANPUR MAJRA(SC),8 Bharti,0,FEMALE,,,,31,SC,RVNP,Gas Stove,233,,233,0.20780379,0.132671305,175622
NCT OF Delhi,,11,NANGLOI JAT,1 RAGHUVINDER SHOKEEN,1,MALE,,,,53,GENERAL,AAAP,Broom,74302,142,74444,49.21201544,27.9508446,266339
NCT OF Delhi,,11,NANGLOI JAT,2 SUMAN LATA,0,FEMALE,,,,53,GENERAL,BJP,Lotus,62596,224,62820,41.52784388,23.58648189,266339
NCT OF Delhi,,11,NANGLOI JAT,3 MANDEEP SINGH,0,MALE,,,,45,GENERAL,INC,Hand,9718,43,9761,6.452615157,3.664878219,266339
NCT OF Delhi,,11,NANGLOI JAT,4 SANDEEP,0,MALE,,,,30,SC,BSP,Elephant,1434,4,1438,0.950605532,0.539913419,266339
NCT OF Delhi,,11,NANGLOI JAT,5 NOTA,0,,,,,,,NOTA,,849,13,862,0.56983447,0.323647682,266339
NCT OF Delhi,,11,NANGLOI JAT,6 RAKESH SHARMA,0,MALE,,,,29,GENERAL,IND,Battery torch,615,,615,0.406552435,0.230908729,266339
NCT OF Delhi,,11,NANGLOI JAT,7 DIGAMBER,0,MALE,,,,25,SC,SWAP,FLUTE,358,,358,0.236659792,0.134415163,266339
NCT OF Delhi,,11,NANGLOI JAT,8 CHANDER SHEKHAR,0,MALE,,,,46,GENERAL,IND,CCTV Camera,331,1,332,0.219472209,0.124653168,266339
NCT OF Delhi,,11,NANGLOI JAT,9 SANJEEV JOSHI,0,MALE,,,,45,GENERAL,DJP,Key,205,1,206,0.136178539,0.077345038,266339
NCT OF Delhi,,11,NANGLOI JAT,10 AJEET KUMAR,0,MALE,,,,26,SC,BPC,Gas Cylinder,187,,187,0.123618383,0.070211272,266339
NCT OF Delhi,,11,NANGLOI JAT,11 SAROJ BALA,0,FEMALE,,,,49,SC,PPID,Basket containing Fruits,139,2,141,0.093209583,0.05294005,266339
NCT OF Delhi,,11,NANGLOI JAT,12 TARUN KUMAR KOTHARI,0,MALE,,,,45,GENERAL,VSP,Auto- Rickshaw,108,,108,0.071394574,0.040549826,266339
NCT OF Delhi,,12,MANGOL PURI(SC),1 RAKHI BIRLA,1,FEMALE,,,,32,SC,AAAP,Broom,74046,108,74154,58.53415953,38.87945137,190728
NCT OF Delhi,,12,MANGOL PURI(SC),2 KARAM SINGH KARMA,0,MALE,,,,45,SC,BJP,Lotus,43914,124,44038,34.76181079,23.08942578,190728
NCT OF Delhi,,12,MANGOL PURI(SC),3 RAJESH LILOTHIA,0,MALE,,,,54,SC,INC,Hand,4056,17,4073,3.215060978,2.135501867,190728
NCT OF Delhi,,12,MANGOL PURI(SC),4 MURARI LAL,0,MALE,,,,45,SC,BSP,Elephant,2489,2,2491,1.966294352,1.306048404,190728
NCT OF Delhi,,12,MANGOL PURI(SC),5 VIRENDER RAY,0,MALE,,,,40,SC,SWARAJ,Whistle,892,1,893,0.704897975,0.468206032,190728
NCT OF Delhi,,12,MANGOL PURI(SC),6 NOTA,0,,,,,,,NOTA,,655,2,657,0.518609149,0.344469611,190728
NCT OF Delhi,,12,MANGOL PURI(SC),7 DEEPAK KUMAR,0,MALE,,,,36,SC,BSNP,Wheel Barrow,379,,379,0.299167226,0.198712302,190728
NCT OF Delhi,,13,ROHINI,1 VIJENDER GUPTA,1,MALE,,,,56,GENERAL,BJP,Lotus,61804,370,62174,53.67230663,33.95779171,183092
NCT OF Delhi,,13,ROHINI,2 RAJESH NAMA BANSIWALA,0,MALE,,,,41,GENERAL,AAAP,Broom,49405,121,49526,42.75379834,27.04978918,183092
NCT OF Delhi,,13,ROHINI,3 SUMESH GUPTA,0,MALE,,,,48,GENERAL,INC,Hand,1935,28,1963,1.694578729,1.072138597,183092
NCT OF Delhi,,13,ROHINI,4 RAJESH GARG,0,MALE,,,,56,GENERAL,IND,CCTV Camera,974,3,977,0.843404696,0.533611518,183092
NCT OF Delhi,,13,ROHINI,5 NOTA,0,,,,,,,NOTA,,777,5,782,0.675069061,0.427107684,183092
NCT OF Delhi,,13,ROHINI,6 ARUN KUMAR CHADHA,0,MALE,,,,45,GENERAL,BSP,Elephant,235,2,237,0.204592541,0.129443121,183092
NCT OF Delhi,,13,ROHINI,7 SHEELA RANI,0,FEMALE,,,,60,GENERAL,IND,Air Conditioner,117,,117,0.101001381,0.0639023,183092
NCT OF Delhi,,13,ROHINI,8 RAJBIR,0,MALE,,,,63,SC,BHUDRP,Pen Nib with Seven Rays,64,,64,0.055248619,0.034955105,183092
NCT OF Delhi,,14,SHALIMAR BAGH,1 BANDANA KUMARI,1,FEMALE,,,,45,GENERAL,AAAP,Broom,57649,58,57707,49.40540911,30.47266506,189373
NCT OF Delhi,,14,SHALIMAR BAGH,2 REKHA GUPTA,0,FEMALE,,,,45,GENERAL,BJP,Lotus,54183,84,54267,46.46027927,28.65614422,189373
NCT OF Delhi,,14,SHALIMAR BAGH,3 J S NAYOL,0,MALE,,,,59,GENERAL,INC,Hand,2485,6,2491,2.132650702,1.31539343,189373
NCT OF Delhi,,14,SHALIMAR BAGH,4 NOTA,0,,,,,,,NOTA,,733,2,735,0.629264659,0.388122911,189373
NCT OF Delhi,,14,SHALIMAR BAGH,5 MOHIT,0,MALE,,,,34,SC,BSP,Elephant,581,,581,0.497418731,0.30680192,189373
NCT OF Delhi,,14,SHALIMAR BAGH,6 SURESH,0,MALE,,,,32,GENERAL,IND,Battery torch,303,,303,0.259411145,0.16000169,189373
NCT OF Delhi,,14,SHALIMAR BAGH,7 VANDANA,0,FEMALE,,,,45,GENERAL,IND,FLUTE,172,1,173,0.148112634,0.0913541,189373
NCT OF Delhi,,14,SHALIMAR BAGH,8 SHARVAN,0,MALE,,,,34,GENERAL,IND,Razor,120,,120,0.102737087,0.063367006,189373
NCT OF Delhi,,14,SHALIMAR BAGH,9 SHEHNAZ,0,FEMALE,,,,35,GENERAL,IND,Lady Finger,119,,119,0.101880945,0.062838947,189373
NCT OF Delhi,,14,SHALIMAR BAGH,10 SHYAM KUMAR,0,MALE,,,,32,GENERAL,IND,Bat,109,,109,0.093319521,0.057558364,189373
NCT OF Delhi,,14,SHALIMAR BAGH,11 DR. ASHWANI KUMAR,0,MALE,,,,44,GENERAL,BLokSP,Electric Pole,100,,100,0.085614239,0.052805838,189373
NCT OF Delhi,,14,SHALIMAR BAGH,12 POONAM KAUSHIK,0,FEMALE,,,,49,GENERAL,IND,Bricks,55,,55,0.047087832,0.029043211,189373
NCT OF Delhi,,14,SHALIMAR BAGH,13 SAURABH GUPTA,0,MALE,,,,30,GENERAL,JKiP,Tractor Chalata Kissan,43,,43,0.036814123,0.02270651,189373
NCT OF Delhi,,15,SHAKUR BASTI,1 SATYENDAR JAIN,1,MALE,,,,55,GENERAL,AAAP,Broom,51055,110,51165,51.59582514,34.99035739,146226
NCT OF Delhi,,15,SHAKUR BASTI,2 DR. S. C. VATS,0,MALE,,,,74,GENERAL,BJP,Lotus,43388,185,43573,43.93989815,29.79839427,146226
NCT OF Delhi,,15,SHAKUR BASTI,3 DEV RAJ ARORA,0,MALE,,,,64,GENERAL,INC,Hand,3367,15,3382,3.410477487,2.312858178,146226
NCT OF Delhi,,15,SHAKUR BASTI,4 NOTA,0,,,,,,,NOTA,,638,3,641,0.646397418,0.438362535,146226
NCT OF Delhi,,15,SHAKUR BASTI,5 ASHA RAM,0,MALE,,,,46,SC,BSP,Elephant,286,3,289,0.291433469,0.197639271,146226
NCT OF Delhi,,15,SHAKUR BASTI,6 PRAVEEN YADAV,0,MALE,,,,28,GENERAL,AKBHJSP,Water Tank,115,,115,0.115968336,0.078645385,146226
NCT OF Delhi,,16,TRI NAGAR,1 PREETI TOMAR,1,FEMALE,,,,50,GENERAL,AAAP,Broom,58400,104,58504,52.3774139,34.82837038,167978
NCT OF Delhi,,16,TRI NAGAR,2 TILAK RAM GUPTA,0,MALE,,,,68,GENERAL,BJP,Lotus,47649,145,47794,42.78897374,28.45253545,167978
NCT OF Delhi,,16,TRI NAGAR,3 KAMAL KANT SHARMA,0,MALE,,,,55,GENERAL,INC,Hand,4066,9,4075,3.648262711,2.425912917,167978
NCT OF Delhi,,16,TRI NAGAR,4 NOTA,0,,,,,,,NOTA,,514,2,516,0.461964063,0.307183083,167978
NCT OF Delhi,,16,TRI NAGAR,5 ARUNA,0,FEMALE,,,,43,SC,BSP,Elephant,269,3,272,0.24351594,0.161925966,167978
NCT OF Delhi,,16,TRI NAGAR,6 SUBHASH,0,MALE,,,,60,SC,ASSP,COMPUTER,159,,159,0.142349392,0.094655252,167978
NCT OF Delhi,,16,TRI NAGAR,7 DEVANAND RAM,0,MALE,,,,48,SC,PMPT,Football,156,,156,0.139663554,0.092869304,167978
NCT OF Delhi,,16,TRI NAGAR,8 BALJEET,0,MALE,,,,42,SC,IND,FLUTE,121,,121,0.108328782,0.072033242,167978
NCT OF Delhi,,16,TRI NAGAR,9 SUDHIR KUMAR,0,MALE,,,,39,GENERAL,VPI,BUCKET,100,,100,0.089527919,0.059531605,167978
NCT OF Delhi,,17,WAZIRPUR,1 RAJESH GUPTA,1,MALE,,,,41,GENERAL,AAAP,Broom,57276,55,57331,52.64022918,31.63246727,181241
NCT OF Delhi,,17,WAZIRPUR,2 DR. MAHENDER NAGPAL,0,MALE,,,,60,GENERAL,BJP,Lotus,45470,171,45641,41.90669446,25.18249182,181241
NCT OF Delhi,,17,WAZIRPUR,3 HARIKISHAN JINDAL,0,MALE,,,,55,GENERAL,INC,Hand,3488,13,3501,3.214551331,1.931682125,181241
NCT OF Delhi,,17,WAZIRPUR,4 MUSTQIM AHMED,0,MALE,,,,33,GENERAL,BSP,Elephant,888,1,889,0.81626282,0.490507115,181241
NCT OF Delhi,,17,WAZIRPUR,5 NOTA,0,,,,,,,NOTA,,477,,477,0.437972289,0.263185482,181241
NCT OF Delhi,,17,WAZIRPUR,6 RAJESH GUPTA,0,MALE,,,,42,GENERAL,IND,Razor,255,,255,0.23413613,0.140696641,181241
NCT OF Delhi,,17,WAZIRPUR,7 SURENDRA KUMAR,0,MALE,,,,36,GENERAL,AAPP,Battery torch,207,,207,0.190063446,0.114212568,181241
NCT OF Delhi,,17,WAZIRPUR,8 BALWANT KUMAR PARJAPATI,0,MALE,,,,28,GENERAL,IND,COMPUTER,153,,153,0.140481678,0.084417985,181241
NCT OF Delhi,,17,WAZIRPUR,9 NATHU RAM,0,MALE,,,,72,GENERAL,CPIM,"Hammer, Sickle and Star",139,,139,0.127627145,0.076693463,181241
NCT OF Delhi,,17,WAZIRPUR,10 SURAJ,0,MALE,,,,27,GENERAL,IND,Tea Filter,73,,73,0.067027206,0.040277862,181241
NCT OF Delhi,,17,WAZIRPUR,11 NARESH KUMAR NAGPAL,0,MALE,,,,58,GENERAL,IND,Hat,70,,70,0.064272663,0.038622607,181241
NCT OF Delhi,,17,WAZIRPUR,12 KAMAL KISHORE,0,MALE,,,,67,GENERAL,PPID,Basket containing Fruits,62,,62,0.056927216,0.034208595,181241
NCT OF Delhi,,17,WAZIRPUR,13 VIJAY KUMAR,0,MALE,,,,49,GENERAL,ABHM,BUCKET,47,,47,0.043154502,0.025932322,181241
NCT OF Delhi,,17,WAZIRPUR,14 JUGAL KISHOR CHAWLA,0,MALE,,,,47,GENERAL,RVNP,Gas Stove,38,,38,0.034890874,0.020966558,181241
NCT OF Delhi,,17,WAZIRPUR,15 MADAN SAH,0,MALE,,,,44,GENERAL,?AIFB,Lion,28,,28,0.025709065,0.015449043,181241
NCT OF Delhi,,18,MODEL TOWN,1 AKHILESH PATI TRIPATHI,1,MALE,,,,35,GENERAL,AAAP,Broom,52594,71,52665,52.57929575,31.2821122,168355
NCT OF Delhi,,18,MODEL TOWN,2 KAPIL MISHRA,0,MALE,,,,39,GENERAL,BJP,Lotus,41357,175,41532,41.46441301,24.66929999,168355
NCT OF Delhi,,18,MODEL TOWN,3 AKANKSHA OLA,0,FEMALE,,,,41,GENERAL,INC,Hand,4068,17,4085,4.078352286,2.426420362,168355
NCT OF Delhi,,18,MODEL TOWN,4 NOTA,0,,,,,,,NOTA,,840,1,841,0.839631401,0.499539663,168355
NCT OF Delhi,,18,MODEL TOWN,5 PARMOD KUMAR SAHANI,0,MALE,,,,30,GENERAL,BSP,Elephant,492,,492,0.491199345,0.292239613,168355
NCT OF Delhi,,18,MODEL TOWN,6 RAJESH KUMAR TIWARI,0,MALE,,,,62,GENERAL,PHRC,Sitar,242,,242,0.241606182,0.143743875,168355
NCT OF Delhi,,18,MODEL TOWN,7 VIKAS,0,MALE,,,,38,SC,AAPP,Battery torch,171,,171,0.170721724,0.101571085,168355
NCT OF Delhi,,18,MODEL TOWN,8 BABU RAM PAL,0,MALE,,,,51,GENERAL,BSKP,BUCKET,88,,88,0.087856793,0.0522705,168355
NCT OF Delhi,,18,MODEL TOWN,9 AMBIKA PRASAD VERMA,0,MALE,,,,49,GENERAL,SatBP,Black Board,47,,47,0.046923515,0.027917199,168355
NCT OF Delhi,,19,SADAR BAZAR,1 SOM DUTT,1,MALE,,,,44,GENERAL,AAAP,Broom,68736,54,68790,55.71032897,37.20329037,184903
NCT OF Delhi,,19,SADAR BAZAR,2 JAI PARKASH (J.P),0,MALE,,,,50,GENERAL,BJP,Lotus,43065,81,43146,34.94225692,23.33439695,184903
NCT OF Delhi,,19,SADAR BAZAR,3 SATBIR SHARMA,0,MALE,,,,68,GENERAL,INC,Hand,9833,24,9857,7.982798555,5.33090323,184903
NCT OF Delhi,,19,SADAR BAZAR,4 ASAD,0,MALE,,,,46,GENERAL,BSP,Elephant,573,1,574,0.464860137,0.310433038,184903
NCT OF Delhi,,19,SADAR BAZAR,5 NOTA,0,,,,,,,NOTA,,405,3,408,0.330423233,0.220656236,184903
NCT OF Delhi,,19,SADAR BAZAR,6 VIRENDER KUMAR,0,MALE,,,,52,GENERAL,RRP,CALCULATOR,189,,189,0.153063704,0.102215756,184903
NCT OF Delhi,,19,SADAR BAZAR,7 RAJEEV KUMAR,0,MALE,,,,45,GENERAL,IND,COMPUTER,134,,134,0.108521356,0.07247043,184903
NCT OF Delhi,,19,SADAR BAZAR,8 SOM DUTT s/o DAYA CHANDER SHARMA,0,MALE,,,,45,GENERAL,IND,Ice Cream,110,,110,0.089084695,0.059490652,184903
NCT OF Delhi,,19,SADAR BAZAR,9 SOMDUTT s/o KRISHAN KUMAR RASTOGI,0,MALE,,,,34,GENERAL,IND,Brush,108,,108,0.087464974,0.058409004,184903
NCT OF Delhi,,19,SADAR BAZAR,10 PRATAP AAMZARE,0,MALE,,,,31,GENERAL,IND,Tea Filter,103,,103,0.083415669,0.055704883,184903
NCT OF Delhi,,19,SADAR BAZAR,11 JAI PRAKASH,0,MALE,,,,49,GENERAL,IND,Frock,59,,59,0.047781791,0.031908622,184903
NCT OF Delhi,,20,CHANDNI CHOWK,1 PARLAD SINGH SAWHNEY,1,MALE,,,,69,GENERAL,AAAP,Broom,50845,46,50891,65.92183837,40.48060326,125717
NCT OF Delhi,,20,CHANDNI CHOWK,2 SUMAN KUMAR GUPTA,0,MALE,,,,63,GENERAL,BJP,Lotus,21260,47,21307,27.60009845,16.94838407,125717
NCT OF Delhi,,20,CHANDNI CHOWK,3 ALKA LAMBA,0,FEMALE,,,,44,GENERAL,INC,Hand,3876,5,3881,5.027267193,3.087092438,125717
NCT OF Delhi,,20,CHANDNI CHOWK,4 NOTA,0,,,,,,,NOTA,,263,,263,0.340677988,0.209200029,125717
NCT OF Delhi,,20,CHANDNI CHOWK,5 ANIL SINGH JADON,0,MALE,,,,35,GENERAL,SHS,Bow & Arrow,242,,242,0.313475563,0.192495844,125717
NCT OF Delhi,,20,CHANDNI CHOWK,6 SUDESH,0,MALE,,,,47,GENERAL,BSP,Elephant,218,,218,0.282387078,0.173405347,125717
NCT OF Delhi,,20,CHANDNI CHOWK,7 SANDEEP SHARMA,0,MALE,,,,52,GENERAL,IND,Sewing Machine,118,,118,0.152851721,0.09386161,125717
NCT OF Delhi,,20,CHANDNI CHOWK,8 VIPIN KUMAR,0,MALE,,,,64,GENERAL,IND,COCONUT FARM,97,,97,0.125649296,0.077157425,125717
NCT OF Delhi,,20,CHANDNI CHOWK,9 VIJAY KUMAR SHARMA,0,MALE,,,,41,GENERAL,IND,Key,62,,62,0.080311921,0.049317117,125717
NCT OF Delhi,,20,CHANDNI CHOWK,10 SATPAL,0,MALE,,,,30,SC,ASSP,COMPUTER,36,,36,0.046632728,0.028635745,125717
NCT OF Delhi,,20,CHANDNI CHOWK,11 KRISHNA AVTAR,0,MALE,,,,58,GENERAL,IND,Gas Cylinder,29,,29,0.037565253,0.023067684,125717
NCT OF Delhi,,20,CHANDNI CHOWK,12 RAMESH CHAND GOYAL,0,MALE,,,,70,GENERAL,RVNP,Gas Stove,28,,28,0.0362699,0.022272246,125717
NCT OF Delhi,,20,CHANDNI CHOWK,13 SADEQUE MUNIRODDIN SHAIKH,0,MALE,,,,32,GENERAL,TPSTP,Kettle,27,,27,0.034974546,0.021476809,125717
NCT OF Delhi,,21,MATIA MAHAL,1 SHOAIB IQBAL,1,MALE,,,,61,GENERAL,AAAP,Broom,67250,32,67282,75.96477363,53.48628302,125793
NCT OF Delhi,,21,MATIA MAHAL,2 RAVINDER GUPTA,0,MALE,,,,48,GENERAL,BJP,Lotus,17024,17,17041,19.24014903,13.54685873,125793
NCT OF Delhi,,21,MATIA MAHAL,3 MIRZA JAVED ALI,0,MALE,,,,51,GENERAL,INC,Hand,3403,6,3409,3.848933047,2.710007711,125793
NCT OF Delhi,,21,MATIA MAHAL,4 TEJ RAM,0,MALE,,,,52,SC,BSP,Elephant,222,1,223,0.251778254,0.177275365,125793
NCT OF Delhi,,21,MATIA MAHAL,5 NOTA,0,,,,,,,NOTA,,216,,216,0.243874901,0.171710668,125793
NCT OF Delhi,,21,MATIA MAHAL,6 ISRAR AHMED,0,MALE,,,,36,GENERAL,RPPRINAT,COMPUTER,173,,173,0.195325731,0.137527525,125793
NCT OF Delhi,,21,MATIA MAHAL,7 SUHAIL MIRZA,0,MALE,,,,26,GENERAL,RTPP,Sewing Machine,100,,100,0.112905047,0.079495679,125793
NCT OF Delhi,,21,MATIA MAHAL,8 SHOAIBUDDIN,0,MALE,,,,38,GENERAL,IND,Brush,77,,77,0.086936886,0.061211673,125793
NCT OF Delhi,,21,MATIA MAHAL,9 MOHD. SUHAIL,0,MALE,,,,30,GENERAL,IND,Robot,49,,49,0.055323473,0.038952883,125793
NCT OF Delhi,,22,BALLIMARAN,1 IMRAN HUSSAIN,1,MALE,,,0,38,GENERAL,AAAP,Broom,65612,32,65644,64.65350825,46.31166046,141744
NCT OF Delhi,,22,BALLIMARAN,2 LATA,0,FEMALE,,,NA,43,SC,BJP,Lotus,29434,38,29472,29.02730174,20.79241449,141744
NCT OF Delhi,,22,BALLIMARAN,3 HAROON YUSUF,0,MALE,,,NA,61,GENERAL,INC,Hand,4797,5,4802,4.729543395,3.38779772,141744
NCT OF Delhi,,22,BALLIMARAN,4 KRISHAN KUMAR,0,MALE,,,NA,49,GENERAL,BRRTD,Tube light,827,,827,0.81452153,0.583446213,141744
NCT OF Delhi,,22,BALLIMARAN,5 NOTA,0,,,,NA,,,NOTA,,339,1,340,0.334869795,0.23986906,141744
NCT OF Delhi,,22,BALLIMARAN,6 DEEP CHAND,0,MALE,,,NA,45,GENERAL,BSP,Elephant,167,,167,0.164480164,0.117818038,141744
NCT OF Delhi,,22,BALLIMARAN,7 HANSA,0,FEMALE,,,NA,42,SC,PPID,Basket containing Fruits,124,,124,0.122128984,0.087481657,141744
NCT OF Delhi,,22,BALLIMARAN,8 ARIF NABI,0,MALE,,,NA,35,GENERAL,IND,Batsman,59,,59,0.058109758,0.041624337,141744
NCT OF Delhi,,22,BALLIMARAN,9 SAJID ALI,0,MALE,,,NA,62,GENERAL,RRP,School Bag,56,,56,0.055155025,0.039507845,141744
NCT OF Delhi,,22,BALLIMARAN,10 ZAFAR MIRZA,0,MALE,,,NA,56,GENERAL,RTPP,Sewing Machine,41,,41,0.040381358,0.028925387,141744
NCT OF Delhi,,23,KAROL BAGH(SC),1 VISHESH RAVI,1,MALE,,,,36,SC,AAAP,Broom,67423,71,67494,62.22881958,38.04343537,177413
NCT OF Delhi,,23,KAROL BAGH(SC),2 YOGENDER CHANDOLIYA,0,MALE,,,,57,SC,BJP,Lotus,35686,48,35734,32.9464047,20.14170326,177413
NCT OF Delhi,,23,KAROL BAGH(SC),3 GOURAV KUMAR,0,MALE,,,,34,SC,INC,Hand,3365,,3365,3.102497672,1.8967043,177413
NCT OF Delhi,,23,KAROL BAGH(SC),4 LEKHRAJ JATAV,0,MALE,,,,65,SC,BSP,Elephant,782,1,783,0.721918478,0.441343081,177413
NCT OF Delhi,,23,KAROL BAGH(SC),5 NOTA,0,,,,,,,NOTA,,445,2,447,0.412129706,0.251954479,177413
NCT OF Delhi,,23,KAROL BAGH(SC),6 GAURAV,0,MALE,,,,31,SC,SHS,Bow & Arrow,192,,192,0.177022155,0.108222058,177413
NCT OF Delhi,,23,KAROL BAGH(SC),7 DHARMENDER KANWAR,0,MALE,,,,34,SC,IND,Balloon,171,,171,0.157660357,0.096385271,177413
NCT OF Delhi,,23,KAROL BAGH(SC),8 RAHUL BHARTI,0,MALE,,,,33,SC,IND,SHIP,106,,106,0.097730982,0.059747595,177413
NCT OF Delhi,,23,KAROL BAGH(SC),9 SUNIL,0,MALE,,,,54,SC,IND,Door Bell,102,,102,0.09404302,0.057492968,177413
NCT OF Delhi,,23,KAROL BAGH(SC),10 DEEPAK KUMAR,0,MALE,,,,37,SC,IND,School Bag,67,,67,0.061773356,0.037764989,177413
NCT OF Delhi,,24,PATEL NAGAR(SC),1 RAAJ KUMAR ANAND,1,MALE,,,,53,SC,AAAP,Broom,73341,122,73463,60.80669459,37.06789111,198185
NCT OF Delhi,,24,PATEL NAGAR(SC),2 PRAVESH RATN,0,MALE,,,,36,SC,BJP,Lotus,42367,161,42528,35.2012184,21.45873805,198185
NCT OF Delhi,,24,PATEL NAGAR(SC),3 KRISHNA TIRATH,0,FEMALE,,,,64,SC,INC,Hand,3359,23,3382,2.799344447,1.706486364,198185
NCT OF Delhi,,24,PATEL NAGAR(SC),4 NOTA,0,,,,,,,NOTA,,766,1,767,0.634860198,0.387012135,198185
NCT OF Delhi,,24,PATEL NAGAR(SC),5 PRADEEP KUMAR RAWAL,0,MALE,,,,46,SC,BSP,Elephant,673,1,674,0.557882365,0.340086283,198185
NCT OF Delhi,,25,MOTI NAGAR,1 SHIV CHARAN GOEL,1,MALE,,,,57,GENERAL,AAAP,Broom,60553,69,60622,53.83071677,33.33021778,181883
NCT OF Delhi,,25,MOTI NAGAR,2 SUBHASH SACHDEVA,0,MALE,,,,63,GENERAL,BJP,Lotus,46412,138,46550,41.33515664,25.59337596,181883
NCT OF Delhi,,25,MOTI NAGAR,3 RAMESH POPLI,0,MALE,,,,59,GENERAL,INC,Hand,3139,13,3152,2.798891809,1.732982192,181883
NCT OF Delhi,,25,MOTI NAGAR,4 MD FAIZAN,0,MALE,,,,25,GENERAL,IND,Battery torch,617,,617,0.54787952,0.339229065,181883
NCT OF Delhi,,25,MOTI NAGAR,5 NITYA NAND SINGH,0,MALE,,,,45,GENERAL,BSP,Elephant,581,,581,0.515912481,0.319436121,181883
NCT OF Delhi,,25,MOTI NAGAR,6 NOTA,0,,,,,,,NOTA,NOTA,567,2,569,0.505256802,0.312838473,181883
NCT OF Delhi,,25,MOTI NAGAR,7 MD AMJAD,0,MALE,,,,29,GENERAL,RVNP,Gas Stove,171,,171,0.151843433,0.094016483,181883
NCT OF Delhi,,25,MOTI NAGAR,8 SHIV CHARAN,0,MALE,,,,46,GENERAL,IND,Pen Nib with Seven Rays,147,,147,0.130532074,0.080821187,181883
NCT OF Delhi,,25,MOTI NAGAR,9 NARENDER GOEL,0,MALE,,,,59,GENERAL,IND,Cauliflower,116,,116,0.103004902,0.063777263,181883
NCT OF Delhi,,25,MOTI NAGAR,10 AJIT SINGH,0,MALE,,,,68,GENERAL,IND,Tractor Chalata Kissan,91,,91,0.080805569,0.050032164,181883
NCT OF Delhi,,26,MADIPUR(SC),1 Girish Soni,1,MALE,,,,56,SC,AAAP,Broom,64319,121,64440,55.99874863,36.81275993,175048
NCT OF Delhi,,26,MADIPUR(SC),2 Kailash Sankla,0,MALE,,,,54,SC,BJP,Lotus,41566,155,41721,36.25580062,23.83403409,175048
NCT OF Delhi,,26,MADIPUR(SC),3 Jai Prakash Panwar,0,MALE,,,,47,SC,INC,Hand,6763,25,6788,5.898812938,3.877793519,175048
NCT OF Delhi,,26,MADIPUR(SC),4 Hansraj Jaluthria,0,MALE,,,,41,SC,BSP,Elephant,841,10,851,0.739524132,0.48615237,175048
NCT OF Delhi,,26,MADIPUR(SC),5 NOTA,0,,,,,,,NOTA,,513,4,517,0.449276118,0.295347562,175048
NCT OF Delhi,,26,MADIPUR(SC),6 Girish Prakash,0,MALE,,,,40,SC,IND,Bat,221,,221,0.192050333,0.126251085,175048
NCT OF Delhi,,26,MADIPUR(SC),7 Manoj,0,MALE,,,,37,SC,IND,Key,218,3,221,0.192050333,0.126251085,175048
NCT OF Delhi,,26,MADIPUR(SC),8 Randhir Kumar,0,MALE,,,,43,SC,ASSP,Gas Cylinder,126,,126,0.10949476,0.071980257,175048
NCT OF Delhi,,26,MADIPUR(SC),9 Sunil Meghwal,0,MALE,,,,33,SC,APoI,Coat,105,,105,0.091245633,0.059983547,175048
NCT OF Delhi,,26,MADIPUR(SC),10 Ramesh Kumar,0,MALE,,,,48,SC,?AIFB,Lion,84,,84,0.072996507,0.047986838,175048
NCT OF Delhi,,27,RAJOURI GARDEN,1 A DHANWATI CHANDELA A,1,FEMALE,,,,60,GENERAL,AAAP,Broom,62058,154,62212,55.70159731,34.51466868,180248
NCT OF Delhi,,27,RAJOURI GARDEN,2 RAMESH KHANNA,0,MALE,,,,68,GENERAL,BJP,Lotus,39087,153,39240,35.13358642,21.77000577,180248
NCT OF Delhi,,27,RAJOURI GARDEN,3 SUKHPAL SINGH,0,MALE,,,,40,GENERAL,IND,Key,5215,3,5218,4.671943271,2.89490036,180248
NCT OF Delhi,,27,RAJOURI GARDEN,4 AMANDEEP SINGH SUDAN,0,MALE,,,,37,GENERAL,INC,Hand,3379,19,3398,3.042403839,1.885180418,180248
NCT OF Delhi,,27,RAJOURI GARDEN,5 NOTA,0,,,,,,,NOTA,,684,10,694,0.621373827,0.385025077,180248
NCT OF Delhi,,27,RAJOURI GARDEN,6 RAM BHAROSA GAUTAM,0,MALE,,,,70,GENERAL,AAPP,Battery torch,341,,341,0.305314806,0.189183791,180248
NCT OF Delhi,,27,RAJOURI GARDEN,7 HARCHINT SINGH ARORA,0,MALE,,,,63,GENERAL,BSP,Elephant,270,,270,0.241744861,0.149793618,180248
NCT OF Delhi,,27,RAJOURI GARDEN,8 IQBAL SINGH (SONU),0,MALE,,,,47,GENERAL,IND,Auto- Rickshaw,109,,109,0.097593296,0.060472238,180248
NCT OF Delhi,,27,RAJOURI GARDEN,9 MANISH CHANDILA,0,MALE,,,,33,GENERAL,IND,BELT,88,,88,0.078790918,0.048821624,180248
NCT OF Delhi,,27,RAJOURI GARDEN,10 NAND KISHORE GOEL,0,MALE,,,,62,GENERAL,SWAP,Batsman,73,,73,0.065360648,0.040499756,180248
NCT OF Delhi,,27,RAJOURI GARDEN,11 DEVENDER SINGH,0,MALE,,,,64,GENERAL,RVNP,Gas Stove,45,,45,0.04029081,0.024965603,180248
NCT OF Delhi,,28,HARI NAGAR,1 RAJ KUMARI DHILLON,1,FEMALE,,,,57,GENERAL,AAAP,Broom,57892,195,58087,53.66897036,33.1563836,175191
NCT OF Delhi,,28,HARI NAGAR,2 TAJINDER PAL SINGH BAGGA,0,MALE,,,,34,GENERAL,BJP,Lotus,37672,284,37956,35.0691108,21.66549652,175191
NCT OF Delhi,,28,HARI NAGAR,3 SURINDER KUMAR SETIA,0,MALE,,,,61,GENERAL,INC,Hand,10334,60,10394,9.603444453,5.932953177,175191
NCT OF Delhi,,28,HARI NAGAR,4 NOTA,0,,,,,,,NOTA,,578,14,592,0.546973169,0.337916902,175191
NCT OF Delhi,,28,HARI NAGAR,5 MAY SINGH SHAYAM,0,MALE,,,,43,SC,BSP,Elephant,496,3,499,0.461046641,0.284831983,175191
NCT OF Delhi,,28,HARI NAGAR,6 SANTOSH,0,FEMALE,,,,59,GENERAL,IND,Tube light,224,,224,0.206962821,0.127860449,175191
NCT OF Delhi,,28,HARI NAGAR,7 RAJEEV TANEJA,0,MALE,,,,56,GENERAL,IND,Battery Torch,126,3,129,0.11918841,0.07363392,175191
NCT OF Delhi,,28,HARI NAGAR,8 SUMIT,0,MALE,,,,40,GENERAL,IND,Bangles,66,,66,0.060980117,0.037673168,175191
NCT OF Delhi,,28,HARI NAGAR,9 DILIP JAISWAL,0,MALE,,,,35,GENERAL,NYP,Laptop,63,,63,0.058208293,0.035960751,175191
NCT OF Delhi,,28,HARI NAGAR,10 HARPREET SINGH,0,MALE,,,,44,GENERAL,IND,Key,58,,58,0.053588587,0.033106724,175191
NCT OF Delhi,,28,HARI NAGAR,11 SABIR KHAN,0,MALE,,,,45,GENERAL,IND,Brush,48,,48,0.044349176,0.027398668,175191
NCT OF Delhi,,28,HARI NAGAR,12 VIKAS AHUJA,0,MALE,,,,39,GENERAL,IND,Bat,33,,33,0.030490058,0.018836584,175191
NCT OF Delhi,,28,HARI NAGAR,13 NAVEEN KUMAR,0,MALE,,,,45,GENERAL,IND,Cake,29,,29,0.026794294,0.016553362,175191
NCT OF Delhi,,28,HARI NAGAR,14 RAKESH KUMAR NARANG,0,MALE,,,,52,GENERAL,IND,BUCKET,29,,29,0.026794294,0.016553362,175191
NCT OF Delhi,,28,HARI NAGAR,15 KAPIL ARORA,0,MALE,,,,41,GENERAL,IND,Apple,25,,25,0.023098529,0.014270139,175191
NCT OF Delhi,,29,TILAK NAGAR,1 JARNAIL SINGH,1,MALE,,,,38,GENERAL,AAAP,Broom,62265,171,62436,62.19654331,39.78107538,156949
NCT OF Delhi,,29,TILAK NAGAR,2 RAJIV BABBAR,0,MALE,,,,51,GENERAL,BJP,Lotus,34223,184,34407,34.27504109,21.92240792,156949
NCT OF Delhi,,29,TILAK NAGAR,3 RAMINDER SINGH,0,MALE,,,,51,GENERAL,INC,Hand,1787,20,1807,1.800069732,1.151329413,156949
NCT OF Delhi,,29,TILAK NAGAR,4 JARNAIL SINGH,0,MALE,,,,54,GENERAL,AAPP,Battery Torch,524,3,527,0.524978831,0.335777864,156949
NCT OF Delhi,,29,TILAK NAGAR,5 NOTA,0,,,,,,,NOTA,,512,10,522,0.519998008,0.332592116,156949
NCT OF Delhi,,29,TILAK NAGAR,6 JARNAIL SINGH,0,MALE,,,,64,GENERAL,IND,Green Chilli,304,1,305,0.303830254,0.194330642,156949
NCT OF Delhi,,29,TILAK NAGAR,7 SANJAY KUMAR,0,MALE,,,,42,SC,BSP,Elephant,169,3,172,0.17134034,0.109589739,156949
NCT OF Delhi,,29,TILAK NAGAR,8 RAJIV BABBAR,0,MALE,,,,31,GENERAL,IND,DIAMOND,124,,124,0.123524431,0.079006556,156949
NCT OF Delhi,,29,TILAK NAGAR,9 RAJIV ARORA,0,MALE,,,,45,GENERAL,IND,Balloon,85,,85,0.084674005,0.05415772,156949
NCT OF Delhi,,30,JANAKPURI,1 RAJESH RISHI,1,MALE,,,,55,GENERAL,AAAP,Broom,67756,212,67968,54.42621376,35.80693085,189818
NCT OF Delhi,,30,JANAKPURI,2 ASHISH SOOD,0,MALE,,,,53,GENERAL,BJP,Lotus,52750,301,53051,42.48124214,27.94835053,189818
NCT OF Delhi,,30,JANAKPURI,3 RADHIKA KHERA,0,FEMALE,,,,37,GENERAL,INC,Hand,2064,20,2084,1.668788687,1.097893772,189818
NCT OF Delhi,,30,JANAKPURI,4 NOTA,0,,,,,,,NOTA,,687,4,691,0.553326767,0.364032916,189818
NCT OF Delhi,,30,JANAKPURI,5 RAJ KUMAR,0,MALE,,,,52,SC,BSP,Elephant,502,3,505,0.404384974,0.266044316,189818
NCT OF Delhi,,30,JANAKPURI,6 RAMESH CHAND VERMA,0,MALE,,,,59,GENERAL,IND,Battery torch,381,,381,0.305090446,0.200718583,189818
NCT OF Delhi,,30,JANAKPURI,7 MAHIPAL SINGH,0,MALE,,,,46,GENERAL,IND,Key,201,,201,0.160953227,0.105890906,189818
NCT OF Delhi,,31,VIKASPURI,1 MAHINDER YADAV,1,MALE,,,,56,GENERAL,AAAP,Broom,133640,258,133898,55.95029166,33.25840352,402599
NCT OF Delhi,,31,VIKASPURI,2 SANJAY SINGH,0,MALE,,,,45,GENERAL,BJP,Lotus,91507,333,91840,38.37603838,22.81178046,402599
NCT OF Delhi,,31,VIKASPURI,3 MUKESH SHARMA,0,MALE,,,,55,GENERAL,INC,Hand,8273,46,8319,3.476157048,2.066324059,402599
NCT OF Delhi,,31,VIKASPURI,4 KRISHNA THAKUR,0,MALE,,,,40,GENERAL,BSP,Elephant,2071,3,2074,0.866636581,0.515152795,402599
NCT OF Delhi,,31,VIKASPURI,5 NOTA,0,,,,,,,NOTA,,1027,7,1034,0.432064718,0.256831239,402599
NCT OF Delhi,,31,VIKASPURI,6 SHARDA DIXIT,0,FEMALE,,,,62,GENERAL,SUCI,Battery torch,530,1,531,0.221882365,0.131893025,402599
NCT OF Delhi,,31,VIKASPURI,7 SANJAY GUPTA,0,MALE,,,,49,GENERAL,SHS,Bow & Arrow,421,1,422,0.176335891,0.104818939,402599
NCT OF Delhi,,31,VIKASPURI,8 UMESH CHAUHAN,0,MALE,,,,30,SC,RRP,Gas Cylinder,374,1,375,0.156696585,0.093144792,402599
NCT OF Delhi,,31,VIKASPURI,9 GOPAL RANJAN,0,MALE,,,,51,GENERAL,AJPI,Helicopter,327,,327,0.136639422,0.081222258,402599
NCT OF Delhi,,31,VIKASPURI,10 BHARAT BHUSHAN GAUTAM,0,MALE,,,,44,SC,AJPSH,Hand Cart,325,1,326,0.136221565,0.080973872,402599
NCT OF Delhi,,31,VIKASPURI,11 JAI KRISHAN GAUR,0,MALE,,,,72,GENERAL,RJSPS,Tractor Chalata Kissan,170,,170,0.071035785,0.042225639,402599
NCT OF Delhi,,32,UTTAM NAGAR,1 NARESH BALYAN,1,MALE,,,,43,GENERAL,AAAP,Broom,99338,284,99622,54.57334276,34.98331987,284770
NCT OF Delhi,,32,UTTAM NAGAR,2 KRISHAN GAHLOT,0,MALE,,,,45,GENERAL,BJP,Lotus,79446,417,79863,43.74928101,28.04473786,284770
NCT OF Delhi,,32,UTTAM NAGAR,3 DEEPAK RAJPUT,0,MALE,,,,40,GENERAL,BSP,Elephant,866,12,878,0.480972024,0.308318994,284770
NCT OF Delhi,,32,UTTAM NAGAR,4 NOTA,0,,,,,,,NOTA,,832,6,838,0.459059859,0.294272571,284770
NCT OF Delhi,,32,UTTAM NAGAR,5 GANGA RAM CHANDRAVANSHI,0,MALE,,,,65,GENERAL,PBI,FLUTE,432,1,433,0.237199187,0.152052534,284770
NCT OF Delhi,,32,UTTAM NAGAR,6 SHAKTI KUMAR BISHNOI,0,MALE,,,,45,GENERAL,RJD,Hurricane Lamp,372,5,377,0.206522156,0.132387541,284770
NCT OF Delhi,,32,UTTAM NAGAR,7 SHIKHA SHARMA,0,FEMALE,,,,50,GENERAL,AJPSH,Hand Cart,222,2,224,0.122708124,0.078659971,284770
NCT OF Delhi,,32,UTTAM NAGAR,8 MUKH RAM SINGH,0,MALE,,,,61,GENERAL,IND,Tractor Chalata Kissan,196,,196,0.107369609,0.068827475,284770
NCT OF Delhi,,32,UTTAM NAGAR,9 RAJIV KUMAR,0,MALE,,,,52,GENERAL,IND,Whistle,116,,116,0.063545279,0.040734628,284770
NCT OF Delhi,,33,DWARKA,1 VINAY MISHRA,1,MALE,,,,37,GENERAL,AAAP,Broom,70954,49,71003,52.07865745,32.27394421,220001
NCT OF Delhi,,33,DWARKA,2 PARDUYMN RAJPUT,0,MALE,,,,55,GENERAL,BJP,Lotus,56540,76,56616,41.52620693,25.73442848,220001
NCT OF Delhi,,33,DWARKA,3 ADARSH SHASTRI,0,MALE,,,,46,GENERAL,INC,Hand,6747,10,6757,4.956065074,3.071349676,220001
NCT OF Delhi,,33,DWARKA,4 NOTA,0,,,,,,,NOTA,,576,2,578,0.423946369,0.262726079,220001
NCT OF Delhi,,33,DWARKA,5 ASHOK PAHALWAN,0,MALE,,,,31,GENERAL,BSP,Elephant,499,1,500,0.366735613,0.227271694,220001
NCT OF Delhi,,33,DWARKA,6 GAUTAM SINGH BIHARI,0,MALE,,,,32,GENERAL,IND,Hat,220,,220,0.16136367,0.099999545,220001
NCT OF Delhi,,33,DWARKA,7 DEEPAK KUMAR,0,MALE,,,,36,SC,RJAP,Gas Stove,214,,214,0.156962842,0.097272285,220001
NCT OF Delhi,,33,DWARKA,8 VINAY KUMAR SAH,0,MALE,,,,25,GENERAL,IND,Frying Pan,171,,171,0.12542358,0.077726919,220001
NCT OF Delhi,,33,DWARKA,9 RAJNISH JHA,0,MALE,,,,37,GENERAL,NYP,Laptop,137,,137,0.100485558,0.062272444,220001
NCT OF Delhi,,33,DWARKA,10 HARSH VARDHAN,0,MALE,,,,38,GENERAL,IND,Wallet,87,,87,0.063811997,0.039545275,220001
NCT OF Delhi,,33,DWARKA,11 BALJEET YADAV,0,MALE,,,,38,GENERAL,RRP,Water Melon,55,,55,0.040340917,0.024999886,220001
NCT OF Delhi,,34,MATIALA,1 GULAB SINGH,1,MALE,,,,41,GENERAL,AAAP,Broom,138207,803,139010,53.19633393,32.71408534,424924
NCT OF Delhi,,34,MATIALA,2 RAJESH GAHLOT,0,MALE,,,,55,GENERAL,BJP,Lotus,109659,1276,110935,42.45259553,26.10702149,424924
NCT OF Delhi,,34,MATIALA,3 SUMESH SHOKEEN,0,MALE,,,,46,GENERAL,INC,Hand,7211,106,7317,2.800068882,1.721954985,424924
NCT OF Delhi,,34,MATIALA,4 NOTA,0,,,,,,,NOTA,,1588,14,1602,0.613053212,0.377008594,424924
NCT OF Delhi,,34,MATIALA,5 SANDHYA SINGH,0,FEMALE,,,,40,GENERAL,JDNTP,Mike,887,,887,0.339437078,0.208743211,424924
NCT OF Delhi,,34,MATIALA,6 SHER SINGH,0,MALE,,,,36,SC,BSP,Elephant,762,12,774,0.296194248,0.18215022,424924
NCT OF Delhi,,34,MATIALA,7 SURENDER KUMAR,0,MALE,,,,45,GENERAL,MZEKP,Plate Containing Food,327,2,329,0.12590169,0.07742561,424924
NCT OF Delhi,,34,MATIALA,8 ANIL LOHCHUB,0,MALE,,,,48,GENERAL,RMEP,BUCKET,176,,176,0.067351664,0.041419171,424924
NCT OF Delhi,,34,MATIALA,9 MOHINDER SINGH,0,MALE,,,,30,SC,RRP,Balloon,160,,160,0.061228785,0.037653792,424924
NCT OF Delhi,,34,MATIALA,10 AKASH SHRIVASTAVA,0,MALE,,,,44,GENERAL,SatBP,Black Board,125,,125,0.047834988,0.029417025,424924
NCT OF Delhi,,35,NAJAFGARH,1 KAILASH GAHLOT,1,MALE,,,,45,GENERAL,AAAP,Broom,80761,746,81507,49.85747492,32.36549618,251833
NCT OF Delhi,,35,NAJAFGARH,2 AJEET SINGH KHARKHARI,0,MALE,,,,64,GENERAL,BJP,Lotus,73868,1408,75276,46.04599951,29.89123745,251833
NCT OF Delhi,,35,NAJAFGARH,3 SAHAB SINGH,0,MALE,,,,63,GENERAL,INC,Hand,2311,68,2379,1.455223881,0.944673653,251833
NCT OF Delhi,,35,NAJAFGARH,4 LALIT GOEL,0,MALE,,,,29,GENERAL,IND,Bat,1887,11,1898,1.160998287,0.753674062,251833
NCT OF Delhi,,35,NAJAFGARH,5 MANOJ KUMAR,0,MALE,,,,34,SC,BSP,Elephant,818,22,840,0.513824321,0.333554379,251833
NCT OF Delhi,,35,NAJAFGARH,6 NOTA,0,,,,,,,NOTA,,720,16,736,0.450207977,0.29225717,251833
NCT OF Delhi,,35,NAJAFGARH,7 MOHAMMAD KASIM,0,MALE,,,,36,GENERAL,IND,Syringe,339,,339,0.207364815,0.134613017,251833
NCT OF Delhi,,35,NAJAFGARH,8 PARVEEN KUMAR,0,MALE,,,,29,GENERAL,IND,Football,255,12,267,0.163322731,0.106022642,251833
NCT OF Delhi,,35,NAJAFGARH,9 BAIDYANATH SAH,0,MALE,,,,54,GENERAL,PBI,FLUTE,159,1,160,0.097871299,0.063534167,251833
NCT OF Delhi,,35,NAJAFGARH,10 AJIT YADAV,0,MALE,,,,26,GENERAL,IND,Pineapple,76,2,78,0.047712258,0.030972907,251833
NCT OF Delhi,,36,BIJWASAN,1 BHUPINDER SINGH JOON,1,MALE,,,,66,GENERAL,AAAP,Broom,57098,173,57271,45.82706526,28.40400734,201630
NCT OF Delhi,,36,BIJWASAN,2 SAT PRAKASH RANA,0,MALE,,,,54,GENERAL,BJP,Lotus,56203,315,56518,45.22453029,28.03055101,201630
NCT OF Delhi,,36,BIJWASAN,3 PARVEEN RANA,0,MALE,,,,53,GENERAL,INC,Hand,5893,44,5937,4.750664149,2.944502306,201630
NCT OF Delhi,,36,BIJWASAN,4 LOKENDER KAPASHERA,0,MALE,,,,33,GENERAL,AAPP,Battery torch,2529,15,2544,2.035655987,1.261717006,201630
NCT OF Delhi,,36,BIJWASAN,5 DEEPAK,0,MALE,,,,39,GENERAL,BSP,Elephant,627,4,631,0.504913101,0.312949462,201630
NCT OF Delhi,,36,BIJWASAN,6 RAM NIWAS,0,MALE,,,,58,GENERAL,HND,Water Tank,577,5,582,0.465704318,0.288647523,201630
NCT OF Delhi,,36,BIJWASAN,7 NOTA,0,,,,,,,NOTA,,442,6,448,0.3584803,0.222189158,201630
NCT OF Delhi,,36,BIJWASAN,8 MANJU YADAV,0,FEMALE,,,,43,GENERAL,SWARAJ,Whistle,324,1,325,0.260058253,0.161186331,201630
NCT OF Delhi,,36,BIJWASAN,9 KAMESHWAR THAKUR,0,MALE,,,,62,GENERAL,IND,Phone Charger,205,,205,0.164036744,0.101671378,201630
NCT OF Delhi,,36,BIJWASAN,10 ANIL,0,MALE,,,,38,GENERAL,IND,Cauliflower,193,,193,0.154434593,0.095719883,201630
NCT OF Delhi,,36,BIJWASAN,11 DHANJI SHARMA,0,MALE,,,,41,GENERAL,RAM,Key,131,,131,0.10482348,0.064970491,201630
NCT OF Delhi,,36,BIJWASAN,12 NITU YADAV,0,FEMALE,,,,42,GENERAL,ANC,Gramophone,100,,100,0.080017924,0.049595794,201630
NCT OF Delhi,,36,BIJWASAN,13 MANOJ KUMAR,0,MALE,,,,39,GENERAL,LJP,Bungalow,45,,45,0.036008066,0.022318107,201630
NCT OF Delhi,,36,BIJWASAN,14 PARDEEP MAURYA,0,MALE,,,,39,GENERAL,NYP,Laptop,42,,42,0.033607528,0.020830234,201630
NCT OF Delhi,,37,PALAM,1 BHAVNA GAUR,1,FEMALE,,,,49,GENERAL,AAAP,Broom,92412,363,92775,59.14849124,37.45140703,247721
NCT OF Delhi,,37,PALAM,2 VIJAY PANDIT,0,MALE,,,,52,GENERAL,BJP,Lotus,59565,445,60010,38.25923966,24.22483358,247721
NCT OF Delhi,,37,PALAM,3 NOTA,0,,,,,,,NOTA,,826,22,848,0.54064048,0.342320595,247721
NCT OF Delhi,,37,PALAM,4 GEETA,0,FEMALE,,,,34,GENERAL,BSP,Elephant,772,14,786,0.501112521,0.317292438,247721
NCT OF Delhi,,37,PALAM,5 NIRMAL KUMAR SINGH,0,MALE,,,,57,GENERAL,RJD,Hurricane Lamp,547,5,552,0.35192635,0.22283133,247721
NCT OF Delhi,,37,PALAM,6 DALIP KUMAR,0,MALE,,,,40,GENERAL,CPI,Ears of Corn And Sickle,481,3,484,0.308573104,0.195381094,247721
NCT OF Delhi,,37,PALAM,7 SATDEV JAIN,0,MALE,,,,54,GENERAL,PBI,FLUTE,324,,324,0.206565467,0.130792303,247721
NCT OF Delhi,,37,PALAM,8 RAM SINGH BISHT,0,MALE,,,,42,GENERAL,IND,Cauliflower,313,1,314,0.200189989,0.126755503,247721
NCT OF Delhi,,37,PALAM,9 NAGENDER SINGH,0,MALE,,,,37,GENERAL,IND,Plastering Trowel,217,,217,0.138347859,0.087598548,247721
NCT OF Delhi,,37,PALAM,10 HARI RATTAN SOLANKI,0,MALE,,,,37,GENERAL,IND,BUCKET,162,3,165,0.105195377,0.066607191,247721
NCT OF Delhi,,37,PALAM,11 SANTOSH CHOUDHARY,0,MALE,,,,38,GENERAL,NYP,Laptop,162,,162,0.103282733,0.065396151,247721
NCT OF Delhi,,37,PALAM,12 JITENDAR KUMAR,0,MALE,,,,46,GENERAL,IND,Gas Stove,118,,118,0.075230633,0.047634234,247721
NCT OF Delhi,,37,PALAM,13 RAJESH KUMAR,0,MALE,,,,35,SC,RPI(A),Pen Stand,96,,96,0.061204583,0.038753275,247721
NCT OF Delhi,,38,DELHI CANTT,1 Virender Singh Kadian,1,MALE,,,,44,GENERAL,AAAP,Broom,28880,91,28971,49.16505448,22.33641473,129703
NCT OF Delhi,,38,DELHI CANTT,2 Manish Singh,0,MALE,,,,33,GENERAL,BJP,Lotus,18259,122,18381,31.19336116,14.17160744,129703
NCT OF Delhi,,38,DELHI CANTT,3 Sandeep Tanwar,0,MALE,,,,43,GENERAL,INC,Hand,7923,31,7954,13.49828599,6.132471878,129703
NCT OF Delhi,,38,DELHI CANTT,4 Nand Kishore Beniwal,0,MALE,,,,51,SC,BSP,Elephant,1822,1,1823,3.093710756,1.405518762,129703
NCT OF Delhi,,38,DELHI CANTT,5 Surender Singh,0,MALE,,,,42,GENERAL,NCP,Clock,904,4,908,1.540915725,0.700060908,129703
NCT OF Delhi,,38,DELHI CANTT,6 NOTA,0,,,,,,,NOTA,,276,4,280,0.47517225,0.215877813,129703
NCT OF Delhi,,38,DELHI CANTT,7 Sachin,0,MALE,,,,38,SC,IND,Battery torch,161,,161,0.273224044,0.124129743,129703
NCT OF Delhi,,38,DELHI CANTT,8 Sachin Kumar,0,MALE,,,,30,SC,BSNP,Wheel Barrow,127,,127,0.215524556,0.097916008,129703
NCT OF Delhi,,38,DELHI CANTT,9 Bir Singh Chauhan,0,MALE,,,,51,GENERAL,IND,Tractor Chalata Kissan,84,,84,0.142551675,0.064763344,129703
NCT OF Delhi,,38,DELHI CANTT,10 Nagendra Kumar Tiwari,0,MALE,,,,43,GENERAL,NYP,Laptop,81,,81,0.137460544,0.062450367,129703
NCT OF Delhi,,38,DELHI CANTT,11 Sanjeev Kumar,0,MALE,,,,39,GENERAL,IND,Cauliflower,73,,73,0.123884194,0.05628243,129703
NCT OF Delhi,,38,DELHI CANTT,12 Ishwar,0,MALE,,,,37,GENERAL,IND,Bat,47,,47,0.079761056,0.036236633,129703
NCT OF Delhi,,38,DELHI CANTT,13 Manoj Bawan,0,MALE,,,,39,GENERAL,IND,Gas Cylinder,36,,36,0.061093575,0.027755719,129703
NCT OF Delhi,,39,RAJINDER NAGAR,1 RAGHAV CHADHA,1,MALE,,,,31,GENERAL,AAAP,Broom,58943,192,59135,57.05643411,33.36775344,177222
NCT OF Delhi,,39,RAJINDER NAGAR,2 SARDAR R P SINGH,0,MALE,,,,58,GENERAL,BJP,Lotus,38876,201,39077,37.70346285,22.04974552,177222
NCT OF Delhi,,39,RAJINDER NAGAR,3 ROCKY TUSEED,0,MALE,,,,25,GENERAL,INC,Hand,3922,19,3941,3.802475806,2.223764544,177222
NCT OF Delhi,,39,RAJINDER NAGAR,4 SATENDRA NARAYAN SINGH,0,MALE,,,,54,GENERAL,PUJP,Violin,484,2,486,0.468917341,0.274232319,177222
NCT OF Delhi,,39,RAJINDER NAGAR,5 NOTA,0,,,,,,,NOTA,,463,4,467,0.450585182,0.263511302,177222
NCT OF Delhi,,39,RAJINDER NAGAR,6 JAGDISH,0,MALE,,,,51,SC,BSP,Elephant,379,3,382,0.36857289,0.21554886,177222
NCT OF Delhi,,39,RAJINDER NAGAR,7 SHASHI RAJ,0,FEMALE,,,,48,SC,BSNP,Wheel Barrow,155,,155,0.149551827,0.087460925,177222
NCT OF Delhi,,40,NEW DELHI,1 ARVIND KEJRIWAL,1,MALE,,,,51,GENERAL,AAAP,Broom,46526,232,46758,61.09760878,31.99928827,146122
NCT OF Delhi,,40,NEW DELHI,2 SUNIL KUMAR YADAV,0,MALE,,,,44,GENERAL,BJP,Lotus,24876,185,25061,32.74663531,17.15073706,146122
NCT OF Delhi,,40,NEW DELHI,3 ROMESH SABHARWAL,0,MALE,,,,56,GENERAL,INC,Hand,3206,14,3220,4.207500327,2.203638056,146122
NCT OF Delhi,,40,NEW DELHI,4 NOTA,0,,,,,,,NOTA,,392,3,395,0.516137462,0.27032206,146122
NCT OF Delhi,,40,NEW DELHI,5 SAMPURNA NAND UNIYAL,0,MALE,,,,45,GENERAL,JAVP,Pen Nib with Seven Rays,199,3,202,0.263948778,0.138240648,146122
NCT OF Delhi,,40,NEW DELHI,6 RAM GULAM,0,MALE,,,,49,SC,BSP,Elephant,134,2,136,0.177708088,0.093072912,146122
NCT OF Delhi,,40,NEW DELHI,7 SHEALENDERA SINGH,0,MALE,,,,38,GENERAL,AnAP,HOCKEY and BALL,99,,99,0.129361035,0.067751605,146122
NCT OF Delhi,,40,NEW DELHI,8 YOGENDER SINGH,0,MALE,,,,44,GENERAL,IND,Battery torch,87,,87,0.113680909,0.059539289,146122
NCT OF Delhi,,40,NEW DELHI,9 VIKAS SHARMA,0,MALE,,,,35,GENERAL,IND,Pen Stand,67,,67,0.087547367,0.045852096,146122
NCT OF Delhi,,40,NEW DELHI,10 SANNI KAUSHIK,0,MALE,,,,25,GENERAL,IND,Ganna Kisan,66,,66,0.08624069,0.045167737,146122
NCT OF Delhi,,40,NEW DELHI,11 AJAY TIWARI,0,MALE,,,,36,GENERAL,RTORP,Auto- Rickshaw,57,,57,0.074480596,0.0390085,146122
NCT OF Delhi,,40,NEW DELHI,12 Daya Shankar Agrawal,0,MALE,,,,70,GENERAL,IND,CCTV Camera,41,,41,0.053573762,0.028058745,146122
NCT OF Delhi,,40,NEW DELHI,13 ASHOK AGYANI,0,MALE,,,,50,GENERAL,BSNP,Wheel Barrow,36,1,37,0.048347053,0.025321307,146122
NCT OF Delhi,,40,NEW DELHI,14 SANDEEP SRIVASTAVA,0,MALE,,,,54,GENERAL,IND,CUTTING PLIERS,35,,35,0.045733699,0.023952588,146122
NCT OF Delhi,,40,NEW DELHI,15 MAHENDER SINGH,0,MALE,,,,61,SC,PPID,Basket containing Fruits,28,,28,0.036586959,0.01916207,146122
NCT OF Delhi,,40,NEW DELHI,16 RAHUL KUMAR,0,MALE,,,,33,GENERAL,IND,Laptop,25,,25,0.032666928,0.017108991,146122
NCT OF Delhi,,40,NEW DELHI,17 MEENA SURYAWANSHI,0,FEMALE,,,,46,GENERAL,RPPRINAT,Diesel Pump,24,,24,0.031360251,0.016424631,146122
NCT OF Delhi,,40,NEW DELHI,18 M U DUA,0,MALE,,,,55,GENERAL,AHNP,CHAPATI ROLLER,24,,24,0.031360251,0.016424631,146122
NCT OF Delhi,,40,NEW DELHI,19 ADITI SHARMA,0,FEMALE,,,,29,GENERAL,HAMS,Telephone,21,1,22,0.028746897,0.015055912,146122
NCT OF Delhi,,40,NEW DELHI,20 KIRTI SINGH PANWAR,0,MALE,,,,58,GENERAL,IND,Throwing a Javelin,21,,21,0.02744022,0.014371553,146122
NCT OF Delhi,,40,NEW DELHI,21 RAHUL BENIWAL,0,MALE,,,,30,SC,IND,BUCKET,21,,21,0.02744022,0.014371553,146122
NCT OF Delhi,,40,NEW DELHI,22 RAMESH NARAIN SINGH,0,MALE,,,,62,GENERAL,VSP,Cup & Saucer,19,,19,0.024826865,0.013002833,146122
NCT OF Delhi,,40,NEW DELHI,23 RAJBIR,0,MALE,,,,63,SC,BHUDRP,Key,16,,16,0.020906834,0.010949754,146122
NCT OF Delhi,,40,NEW DELHI,24 PRATAP CHANDRA,0,MALE,,,,50,GENERAL,RRP,Air Conditioner,15,,15,0.019600157,0.010265395,146122
NCT OF Delhi,,40,NEW DELHI,25 SANT DHARMVEER CHOTIWALA,0,MALE,,,,48,GENERAL,IND,Apple,14,,14,0.01829348,0.009581035,146122
NCT OF Delhi,,40,NEW DELHI,26 RAMESH KUMAR KHATRI,0,MALE,,,,59,GENERAL,IND,Cauliflower,12,,12,0.015680125,0.008212316,146122
NCT OF Delhi,,40,NEW DELHI,27 NARENDER KUMAR BANSAL,0,MALE,,,,68,GENERAL,BLPGL,Tractor Chalata Kissan,10,,10,0.013066771,0.006843596,146122
NCT OF Delhi,,40,NEW DELHI,28 AMIT SHARMA,0,MALE,,,,35,GENERAL,VIJAYBHA,COMPUTER,9,,9,0.011760094,0.006159237,146122
NCT OF Delhi,,40,NEW DELHI,29 SHIV KUMAR,0,MALE,,,,37,GENERAL,IND,Chakki,9,,9,0.011760094,0.006159237,146122
NCT OF Delhi,,41,JANGPURA,1 PRAVEEN KUMAR,1,MALE,,,,35,GENERAL,AAAP,Broom,45086,47,45133,50.88102995,30.83213215,146383
NCT OF Delhi,,41,JANGPURA,2 IMPREET SINGH BAKSHI,0,MALE,,,,37,GENERAL,BJP,Lotus,28995,75,29070,32.77228504,19.85886339,146383
NCT OF Delhi,,41,JANGPURA,3 TARVINDER SINGH MARWAH,0,MALE,,,,60,GENERAL,INC,Hand,13548,17,13565,15.29260566,9.266786444,146383
NCT OF Delhi,,41,JANGPURA,4 NOTA,0,,,,,,,NOTA,,416,3,419,0.472362829,0.286235424,146383
NCT OF Delhi,,41,JANGPURA,5 SUBHASH,0,MALE,,,,56,GENERAL,BSP,Elephant,247,,247,0.278457324,0.168735441,146383
NCT OF Delhi,,41,JANGPURA,6 CHANDRASHEKHAR SINGH,0,MALE,,,,39,GENERAL,IND,CCTV Camera,156,,156,0.175867784,0.106569752,146383
NCT OF Delhi,,41,JANGPURA,7 MOHD. ASLAM,0,MALE,,,,43,GENERAL,IND,Pressure Cooker,113,,113,0.127391407,0.077194756,146383
NCT OF Delhi,,42,KASTURBA NAGAR,1 MADAN LAL,1,MALE,,,,63,GENERAL,AAAP,Broom,37039,61,37100,40.45360375,24.17174317,153485
NCT OF Delhi,,42,KASTURBA NAGAR,2 RAVINDER CHOUDHRY,0,MALE,,,,49,GENERAL,BJP,Lotus,33798,137,33935,37.00250791,22.10965241,153485
NCT OF Delhi,,42,KASTURBA NAGAR,3 ABHISHEK DUTT,0,MALE,,,,40,GENERAL,INC,Hand,19586,62,19648,21.42405408,12.80125094,153485
NCT OF Delhi,,42,KASTURBA NAGAR,4 NOTA,0,,,,,,,NOTA,,463,,463,0.504852252,0.301658142,153485
NCT OF Delhi,,42,KASTURBA NAGAR,5 KHEM CHAND,0,MALE,,,,56,SC,BSP,Elephant,282,1,283,0.308581398,0.184382839,153485
NCT OF Delhi,,42,KASTURBA NAGAR,6 SUMAN LATA KATIYAR,0,FEMALE,,,,55,GENERAL,AJPI,Helicopter,281,,281,0.306400611,0.18307978,153485
NCT OF Delhi,,43,MALVIYA NAGAR,1 SOMNATH BHARTI,1,MALE,,,,45,GENERAL,AAAP,Broom,51941,102,52043,57.96854463,34.1395416,152442
NCT OF Delhi,,43,MALVIYA NAGAR,2 SHAILENDER SINGH,0,MALE,,,,46,GENERAL,BJP,Lotus,33690,209,33899,37.75869367,22.23730993,152442
NCT OF Delhi,,43,MALVIYA NAGAR,3 NEETU VERMA SOIN,0,FEMALE,,,,41,GENERAL,INC,Hand,2835,21,2856,3.181180245,1.873499429,152442
NCT OF Delhi,,43,MALVIYA NAGAR,4 NOTA,0,,,,,,,NOTA,NOTA,548,1,549,0.611508387,0.36013697,152442
NCT OF Delhi,,43,MALVIYA NAGAR,5 GYAN CHAND GAUTAM,0,MALE,,,,56,SC,BSP,Elephant,227,2,229,0.255073626,0.150221068,152442
NCT OF Delhi,,43,MALVIYA NAGAR,6 MOBIN ALI,0,MALE,,,,44,GENERAL,SHS,Bow & Arrow,115,,115,0.128093742,0.075438527,152442
NCT OF Delhi,,43,MALVIYA NAGAR,7 KAMAL SINGH,0,MALE,,,,69,GENERAL,IND,Auto- Rickshaw,87,,87,0.096905701,0.057070886,152442
NCT OF Delhi,,44,R K PURAM,1 PRAMILA TOKAS,1,FEMALE,,,,42,GENERAL,AAAP,Broom,46945,263,47208,52.45100218,29.90194836,157876
NCT OF Delhi,,44,R K PURAM,2 ANIL KUMAR SHARMA,0,MALE,,,,48,GENERAL,BJP,Lotus,36528,311,36839,40.93040309,23.33413565,157876
NCT OF Delhi,,44,R K PURAM,3 PRIYANKA SINGH,0,FEMALE,,,,41,GENERAL,INC,Hand,3216,21,3237,3.596506822,2.050343307,157876
NCT OF Delhi,,44,R K PURAM,4 MAHIPAL SINGH,0,MALE,,,,57,GENERAL,IND,Bat,1548,3,1551,1.723256744,0.98241658,157876
NCT OF Delhi,,44,R K PURAM,5 NOTA,0,,,,,,,NOTA,,523,4,527,0.585529532,0.333806278,157876
NCT OF Delhi,,44,R K PURAM,6 NAGESHWAR DAS,0,MALE,,,,48,SC,BSP,Elephant,297,4,301,0.334429581,0.190655958,157876
NCT OF Delhi,,44,R K PURAM,7 MUKESH,0,MALE,,,,50,SC,BSNP,Wheel Barrow,181,,181,0.201102173,0.114646938,157876
NCT OF Delhi,,44,R K PURAM,8 KUMAR SHEODHVJ RATNA,0,MALE,,,,42,GENERAL,IND,Pineapple,160,,160,0.177769877,0.10134536,157876
NCT OF Delhi,,45,MEHRAULI,1 NARESH YADAV,1,MALE,,,,47,GENERAL,AAAP,Broom,62301,116,62417,54.27234864,30.6259936,203804
NCT OF Delhi,,45,MEHRAULI,2 KUSUM KHATRI,0,FEMALE,,,,51,GENERAL,BJP,Lotus,44085,171,44256,38.48113593,21.71498106,203804
NCT OF Delhi,,45,MEHRAULI,3 A A MAHENDER CHAUDHARY,0,MALE,,,,35,GENERAL,INC,Hand,6936,16,6952,6.044849444,3.411120488,203804
NCT OF Delhi,,45,MEHRAULI,4 NOTA,0,,,,,,,NOTA,,592,1,593,0.515620788,0.29096583,203804
NCT OF Delhi,,45,MEHRAULI,5 KAMAL SINGH,0,MALE,,,,45,SC,BSP,Elephant,465,5,470,0.408670777,0.230613727,203804
NCT OF Delhi,,45,MEHRAULI,6 D K CHOPRA,0,MALE,,,,66,GENERAL,?AIFB,Lion,163,,163,0.141730503,0.079978803,203804
NCT OF Delhi,,45,MEHRAULI,7 JAI SINGH UJJAIN,0,MALE,,,,35,GENERAL,SWARAJ,Whistle,156,,156,0.135643917,0.076544131,203804
NCT OF Delhi,,46,CHHATARPUR,1 KARTAR SINGH TANWAR,1,MALE,,,,57,GENERAL,AAAP,Broom,69288,123,69411,49.12905304,31.73277375,218736
NCT OF Delhi,,46,CHHATARPUR,2 BRAHM SINGH TANWAR,0,MALE,,,,67,GENERAL,BJP,Lotus,65530,161,65691,46.49603986,30.03209348,218736
NCT OF Delhi,,46,CHHATARPUR,3 SATISH LOHIA,0,MALE,,,,49,GENERAL,INC,Hand,3857,17,3874,2.742014255,1.771084778,218736
NCT OF Delhi,,46,CHHATARPUR,4 NOTA,0,,,,,,,NOTA,,707,2,709,0.501829661,0.32413503,218736
NCT OF Delhi,,46,CHHATARPUR,5 RAM KHELAVAN,0,MALE,,,,52,GENERAL,PBI,FLUTE,408,,408,0.28878209,0.186526223,218736
NCT OF Delhi,,46,CHHATARPUR,6 SURAJ BHARTI,0,MALE,,,,37,GENERAL,BSP,Elephant,363,6,369,0.261177919,0.168696511,218736
NCT OF Delhi,,46,CHHATARPUR,7 HARSH NATH VERMA,0,MALE,,,,61,GENERAL,IND,Window,216,,216,0.152884636,0.098749177,218736
NCT OF Delhi,,46,CHHATARPUR,8 RANA SUJEET SINGH,0,MALE,,,,38,GENERAL,NCP,Clock,177,,177,0.125280465,0.080919465,218736
NCT OF Delhi,,46,CHHATARPUR,9 ROHIT,0,MALE,,,,30,GENERAL,IND,Gas Stove,101,,101,0.071487723,0.046174384,218736
NCT OF Delhi,,46,CHHATARPUR,10 SANGEETA SINGH,0,FEMALE,,,,44,GENERAL,RRP,Auto- Rickshaw,96,,96,0.067948727,0.043888523,218736
NCT OF Delhi,,46,CHHATARPUR,11 DINESH TANWAR,0,MALE,,,,41,GENERAL,IND,Cauliflower,79,,79,0.05591614,0.036116597,218736
NCT OF Delhi,,46,CHHATARPUR,12 RAM PRIYE THAKUR,0,MALE,,,,55,GENERAL,SatBP,Black Board,76,1,77,0.054500541,0.035202253,218736
NCT OF Delhi,,46,CHHATARPUR,13 SEEMA VERMA,0,FEMALE,,,,41,GENERAL,INDPJC,Rubber Stamp,73,2,75,0.053084943,0.034287909,218736
NCT OF Delhi,,47,DEOLI(SC),1 PRAKASH @ PRAKASH JARWAL,1,MALE,,,,31,SC,AAAP,Broom,92458,117,92575,61.58692355,39.10606265,236728
NCT OF Delhi,,47,DEOLI(SC),2 ARVIND KUMAR,0,MALE,,,,45,SC,BJP,Lotus,52299,103,52402,34.86122568,22.1359535,236728
NCT OF Delhi,,47,DEOLI(SC),3 ARVINDER SINGH,0,MALE,,,,55,SC,INC,Hand,2700,11,2711,1.803533889,1.145196175,236728
NCT OF Delhi,,47,DEOLI(SC),4 RAVI KUMAR,0,MALE,,,,35,SC,BSP,Elephant,1029,3,1032,0.68655366,0.435943361,236728
NCT OF Delhi,,47,DEOLI(SC),5 NOTA,0,,,,,,,NOTA,,702,1,703,0.467681418,0.296965294,236728
NCT OF Delhi,,47,DEOLI(SC),6 DAL CHAND KAPIL,0,MALE,,,,58,SC,SDPI,Gas Cylinder,474,,474,0.315335693,0.2002298,236728
NCT OF Delhi,,47,DEOLI(SC),7 RADHY SHYAM,0,MALE,,,,49,SC,BSNP,Wheel Barrow,418,1,419,0.278746108,0.176996384,236728
NCT OF Delhi,,48,AMBEDKAR NAGAR(SC),1 AJAY DUTT,1,MALE,,,1,44,SC,AAAP,Broom,62647,224,62871,62.24666594,39.98842409,157223
NCT OF Delhi,,48,AMBEDKAR NAGAR(SC),2 KHUSHIRAM CHUNAR,0,MALE,,,NA,45,SC,BJP,Lotus,34394,150,34544,34.20096433,21.97134007,157223
NCT OF Delhi,,48,AMBEDKAR NAGAR(SC),3 YADURAJ CHOUDHARY,0,MALE,,,NA,40,SC,INC,Hand,2127,11,2138,2.116768809,1.35985193,157223
NCT OF Delhi,,48,AMBEDKAR NAGAR(SC),4 SATISH,0,MALE,,,NA,32,SC,BSP,Elephant,616,4,620,0.613843153,0.394344339,157223
NCT OF Delhi,,48,AMBEDKAR NAGAR(SC),5 NOTA,0,,,,NA,,,NOTA,,493,3,496,0.491074523,0.315475471,157223
NCT OF Delhi,,48,AMBEDKAR NAGAR(SC),6 RASHMI RAIKWAR,0,FEMALE,,,NA,29,SC,IND,Boat with Man and Sail,249,1,250,0.2475174,0.159009814,157223
NCT OF Delhi,,48,AMBEDKAR NAGAR(SC),7 NARESH KUMAR CHANDALIYA,0,MALE,,,NA,55,SC,RJAP,Cup & Saucer,83,1,84,0.083165847,0.053427298,157223
NCT OF Delhi,,49,SANGAM VIHAR,1 DINESH MOHANIYA,1,MALE,,,,42,GENERAL,AAAP,Broom,75307,38,75345,64.58179761,39.85643326,189041
NCT OF Delhi,,49,SANGAM VIHAR,2 Shiv Charan Lal Gupta,0,MALE,,,,66,GENERAL,JD(U),Arrow,32803,20,32823,28.13416077,17.36290011,189041
NCT OF Delhi,,49,SANGAM VIHAR,3 Suresh Choudhary,0,MALE,,,,44,GENERAL,BSP,Elephant,2927,3,2930,2.511442923,1.549928322,189041
NCT OF Delhi,,49,SANGAM VIHAR,4 Poonam Azad,0,FEMALE,,,,53,GENERAL,INC,Hand,2601,3,2604,2.232012754,1.37747896,189041
NCT OF Delhi,,49,SANGAM VIHAR,5 NOTA,0,,,,,,,NOTA,,870,2,872,0.747432842,0.461275596,189041
NCT OF Delhi,,49,SANGAM VIHAR,6 Rambhavan Ojha,0,MALE,,,,44,GENERAL,MaNPa,Tooth Brush,615,,615,0.527145869,0.325326252,189041
NCT OF Delhi,,49,SANGAM VIHAR,7 MAYA,0,FEMALE,,,,44,GENERAL,IND,FLUTE,540,,540,0.462859788,0.285652319,189041
NCT OF Delhi,,49,SANGAM VIHAR,8 Kali Paswan,0,MALE,,,,60,GENERAL,PPID,Basket containing Fruits,500,,500,0.428573878,0.264492888,189041
NCT OF Delhi,,49,SANGAM VIHAR,9 Sachin Choudhary,0,MALE,,,,25,GENERAL,IND,Battery torch,293,,293,0.251144292,0.154992832,189041
NCT OF Delhi,,49,SANGAM VIHAR,10 Harit Kumar,0,MALE,,,,25,GENERAL,SSBDP,Matchbox,143,1,144,0.123429277,0.076173952,189041
NCT OF Delhi,,50,GREATER KAILASH,1 SAURABH BHARADWAJ,1,MALE,,,,40,GENERAL,AAAP,Broom,60231,141,60372,55.61779121,33.41876415,180653
NCT OF Delhi,,50,GREATER KAILASH,2 SHIKHA ROY,0,FEMALE,,,,55,GENERAL,BJP,Lotus,43398,165,43563,40.13247596,24.11418576,180653
NCT OF Delhi,,50,GREATER KAILASH,3 SUKHBIR SINGH PANWAR,0,MALE,,,,64,GENERAL,INC,Hand,3319,20,3339,3.076058518,1.848294797,180653
NCT OF Delhi,,50,GREATER KAILASH,4 NOTA,0,,,,,,,NOTA,,586,,586,0.539853337,0.324378781,180653
NCT OF Delhi,,50,GREATER KAILASH,5 SHOBHA DHAR,0,FEMALE,,,,46,GENERAL,PBI,FLUTE,281,1,282,0.259792903,0.156100369,180653
NCT OF Delhi,,50,GREATER KAILASH,6 RAJBIR SINGH,0,MALE,,,,63,GENERAL,BSP,Elephant,213,1,214,0.197147806,0.118459145,180653
NCT OF Delhi,,50,GREATER KAILASH,7 LUKMAN KHAN,0,MALE,,,,58,GENERAL,IND,Pressure Cooker,105,1,106,0.097652651,0.058676025,180653
NCT OF Delhi,,50,GREATER KAILASH,8 RAJIV GUPTA,0,MALE,,,,43,GENERAL,IND,Vacuum Cleaner,86,,86,0.079227623,0.047605077,180653
NCT OF Delhi,,51,KALKAJI,1 ATISHI,1,FEMALE,,,,38,GENERAL,AAAP,Broom,55833,64,55897,52.28416425,30.06669894,185910
NCT OF Delhi,,51,KALKAJI,2 DHARAMBIR SINGH,0,MALE,,,,56,GENERAL,BJP,Lotus,44411,93,44504,41.62753718,23.93846485,185910
NCT OF Delhi,,51,KALKAJI,3 SHIVANI CHOPRA,0,FEMALE,,,,40,GENERAL,INC,Hand,4956,9,4965,4.644093162,2.670647087,185910
NCT OF Delhi,,51,KALKAJI,4 NOTA,0,,,,,,,NOTA,,550,1,551,0.515386774,0.296379969,185910
NCT OF Delhi,,51,KALKAJI,5 JAY PRAKASH SHARMA,0,MALE,,,,44,GENERAL,BSP,Elephant,473,,473,0.442428211,0.254424184,185910
NCT OF Delhi,,51,KALKAJI,6 PARVESH KUMAR,0,MALE,,,,55,GENERAL,SWARAJ,Whistle,301,,301,0.281545225,0.161906299,185910
NCT OF Delhi,,51,KALKAJI,7 DR. SUMAN YADAV,0,FEMALE,,,,43,GENERAL,PSJP,FLUTE,219,,219,0.204845197,0.117798935,185910
NCT OF Delhi,,52,TUGHLAKABAD,1 SAHIRAM,1,MALE,,,,59,GENERAL,AAAP,Broom,58838,67,58905,54.50532978,33.153789,177672
NCT OF Delhi,,52,TUGHLAKABAD,2 VIKRAM BIDHURI,0,MALE,,,,43,GENERAL,BJP,Lotus,45093,54,45147,41.77492783,25.41030663,177672
NCT OF Delhi,,52,TUGHLAKABAD,3 SHUBHAM SHARMA,0,MALE,,,,29,GENERAL,INC,Hand,1337,5,1342,1.241764749,0.755324418,177672
NCT OF Delhi,,52,TUGHLAKABAD,4 MANOJ KUMAR RAY,0,MALE,,,,36,GENERAL,BSP,Elephant,1312,4,1316,1.217706714,0.740690711,177672
NCT OF Delhi,,52,TUGHLAKABAD,5 NOTA,0,,,,,,,NOTA,,383,1,384,0.355318676,0.216128597,177672
NCT OF Delhi,,52,TUGHLAKABAD,6 ANITA KUMARI,0,FEMALE,,,,38,GENERAL,IND,Auto- Rickshaw,268,,268,0.247982826,0.15083975,177672
NCT OF Delhi,,52,TUGHLAKABAD,7 HANSRAJ NAGAR,0,MALE,,,,41,GENERAL,IND,Bat,236,,236,0.218372937,0.132829033,177672
NCT OF Delhi,,52,TUGHLAKABAD,8 ARUN KUMAR,0,MALE,,,,40,GENERAL,RaNP,Pot,165,,165,0.152675994,0.092867756,177672
NCT OF Delhi,,52,TUGHLAKABAD,9 SHYAM KUMAR,0,MALE,,,,31,GENERAL,SJSMP,Laptop,134,,134,0.123991413,0.075419875,177672
NCT OF Delhi,,52,TUGHLAKABAD,10 REKHA SINGH,0,FEMALE,,,,50,GENERAL,IND,Brush,120,,120,0.111037086,0.067540186,177672
NCT OF Delhi,,52,TUGHLAKABAD,11 CHAMAN LAL,0,MALE,,,,65,SC,PPID,Basket containing Fruits,55,,55,0.050891998,0.030955919,177672
NCT OF Delhi,,53,BADARPUR,1 RAMVIR SINGH BIDHURI,1,MALE,,,0,67,GENERAL,BJP,Lotus,89972,110,90082,47.05003656,28.01440496,321556
NCT OF Delhi,,53,BADARPUR,2 RAM SINGH NETAJI,0,MALE,,,NA,64,GENERAL,AAAP,Broom,86286,77,86363,45.10759428,26.85784125,321556
NCT OF Delhi,,53,BADARPUR,3 NARAYAN DUTT SHARMA,0,MALE,,,NA,47,GENERAL,BSP,Elephant,10414,22,10436,5.450746892,3.245468907,321556
NCT OF Delhi,,53,BADARPUR,4 PRAMOD KUMAR YADAV,0,MALE,,,NA,43,GENERAL,INC,Hand,1610,5,1615,0.843518228,0.502245332,321556
NCT OF Delhi,,53,BADARPUR,5 NOTA,0,,,,NA,,,NOTA,,745,5,750,0.391726731,0.233240866,321556
NCT OF Delhi,,53,BADARPUR,6 JAGDISH CHAND,0,MALE,,,NA,78,GENERAL,CPIM,"Hammer, Sickle and Star",683,,683,0.356732477,0.212404682,321556
NCT OF Delhi,,53,BADARPUR,7 CHHOTE LAL GUPTA,0,MALE,,,NA,27,GENERAL,IND,Battery torch,370,,370,0.193251854,0.115065494,321556
NCT OF Delhi,,53,BADARPUR,8 YADUBANSH SINGH,0,MALE,,,NA,80,GENERAL,PBI,FLUTE,361,,361,0.188551133,0.112266604,321556
NCT OF Delhi,,53,BADARPUR,9 BRIJNARAYAN MISHRA,0,MALE,,,NA,35,GENERAL,RRP,Apple,318,,318,0.166092134,0.098894127,321556
NCT OF Delhi,,53,BADARPUR,10 OM PRAKASH GUPTA,0,MALE,,,NA,67,GENERAL,IND,Bat,260,,260,0.1357986,0.080856834,321556
NCT OF Delhi,,53,BADARPUR,11 SANJEEV KUMAR,0,MALE,,,NA,34,GENERAL,JANADIP,Dolli,222,,222,0.115951113,0.069039296,321556
NCT OF Delhi,,54,OKHLA,1 AMANATULLAH KHAN,1,MALE,,,,46,GENERAL,AAAP,Broom,130163,204,130367,66.03167689,38.89845351,335147
NCT OF Delhi,,54,OKHLA,2 BRAHAM SINGH,0,MALE,,,,56,GENERAL,BJP,Lotus,58499,41,58540,29.65086537,17.46696226,335147
NCT OF Delhi,,54,OKHLA,3 PARVEZ HASHMI,0,MALE,,,,65,GENERAL,INC,Hand,5107,16,5123,2.594830599,1.52858298,335147
NCT OF Delhi,,54,OKHLA,4 DHARAM SINGH,0,MALE,,,,38,GENERAL,BSP,Elephant,828,2,830,0.420400038,0.247652523,335147
NCT OF Delhi,,54,OKHLA,5 NOTA,0,,,,,,,NOTA,,637,,637,0.322644367,0.190065852,335147
NCT OF Delhi,,54,OKHLA,6 JAMALUDDIN,0,MALE,,,,55,GENERAL,IND,Ganna Kisan,613,,613,0.310488221,0.182904815,335147
NCT OF Delhi,,54,OKHLA,7 M.I. ANSARI,0,MALE,,,,47,GENERAL,JRJP,CCTV Camera,340,,340,0.172212064,0.101448021,335147
NCT OF Delhi,,54,OKHLA,8 AWANINDRA KUMAR CHOUBEY,0,MALE,,,,50,GENERAL,IND,Bat,191,,191,0.096742659,0.056989918,335147
NCT OF Delhi,,54,OKHLA,9 MUSARRAT ALI KHAN,0,MALE,,,,45,GENERAL,RAJSPty,Telephone,175,1,176,0.089145068,0.05251427,335147
NCT OF Delhi,,54,OKHLA,10 ABHAY RAJ,0,MALE,,,,31,GENERAL,IND,Battery Torch,166,,166,0.084080008,0.049530505,335147
NCT OF Delhi,,54,OKHLA,11 TASLEEM AHMED REHMANI,0,MALE,,,,57,GENERAL,SDPI,Auto- Rickshaw,149,,149,0.075469405,0.044458103,335147
NCT OF Delhi,,54,OKHLA,12 BABAR RIYAZ,0,MALE,,,,37,GENERAL,IND,Almirah,85,,85,0.043053016,0.025362005,335147
NCT OF Delhi,,54,OKHLA,13 DEVNARAYAN THAKUR,0,MALE,,,,54,GENERAL,RVNP,Gas Stove,77,,77,0.039000967,0.022974993,335147
NCT OF Delhi,,54,OKHLA,14 SHAZIA FAIZAN,0,FEMALE,,,,33,GENERAL,ANC,Gramophone,55,,55,0.027857834,0.016410709,335147
NCT OF Delhi,,54,OKHLA,15 DR. CHANDRA RAJAN ARORA,0,FEMALE,,,,57,GENERAL,LPOI,Pendulum,46,,46,0.023299279,0.013725321,335147
NCT OF Delhi,,54,OKHLA,16 VED PRAKASH,0,MALE,,,,53,GENERAL,AP,Cup & Saucer,36,,36,0.018234219,0.010741555,335147
NCT OF Delhi,,55,TRILOKPURI(SC),1 ROHIT KUMAR,1,MALE,,,,43,SC,AAAP,Broom,69819,128,69947,52.3590661,34.87932582,200540
NCT OF Delhi,,55,TRILOKPURI(SC),2 KIRAN,0,FEMALE,,,,45,SC,BJP,Lotus,57293,168,57461,43.0126281,28.65313653,200540
NCT OF Delhi,,55,TRILOKPURI(SC),3 VIJAY KUMAR,0,MALE,,,,58,SC,INC,Hand,3246,16,3262,2.441781258,1.626608158,200540
NCT OF Delhi,,55,TRILOKPURI(SC),4 RAGHU RAJ SINGH,0,MALE,,,,61,SC,BSP,Elephant,1214,10,1224,0.916229387,0.610352049,200540
NCT OF Delhi,,55,TRILOKPURI(SC),5 NOTA,0,,,,,,,NOTA,,589,1,590,0.441646518,0.294205645,200540
NCT OF Delhi,,55,TRILOKPURI(SC),6 VIKRAM,0,MALE,,,,38,SC,JSPR,Chappals,259,,259,0.193875336,0.129151292,200540
NCT OF Delhi,,55,TRILOKPURI(SC),7 AJAY CHAUHAN,0,MALE,,,,47,SC,BSNP,Wheel Barrow,198,,198,0.148213577,0.09873342,200540
NCT OF Delhi,,55,TRILOKPURI(SC),8 AKSHTIZ BIRMANI,0,MALE,,,,40,SC,RSPS,Pen Drive,191,,191,0.142973703,0.095242844,200540
NCT OF Delhi,,55,TRILOKPURI(SC),9 RAJESH KUMAR,0,MALE,,,,45,SC,AJPI,Dumbbells,182,,182,0.136236723,0.090754962,200540
NCT OF Delhi,,55,TRILOKPURI(SC),10 KAVITA RANI SINGH,0,FEMALE,,,,48,SC,IND,Gas Stove,152,1,153,0.114528673,0.076294006,200540
NCT OF Delhi,,55,TRILOKPURI(SC),11 MAYANK KUMAR,0,MALE,,,,29,SC,SSBDP,Matchbox,124,,124,0.092820624,0.061833051,200540
NCT OF Delhi,,56,KONDLI(SC),1 KULDEEP KUMAR,1,MALE,,,,30,SC,AAAP,Broom,68100,248,68348,53.11470314,35.71268085,191383
NCT OF Delhi,,56,KONDLI(SC),2 RAJ KUMAR,0,MALE,,,,52,SC,BJP,Lotus,50236,205,50441,39.19878769,26.35605043,191383
NCT OF Delhi,,56,KONDLI(SC),3 AMRISH SINGH GAUTAM,0,MALE,,,,63,SC,INC,Hand,5808,53,5861,4.554709357,3.062445463,191383
NCT OF Delhi,,56,KONDLI(SC),4 KARMVIR,0,MALE,,,,61,SC,BSP,Elephant,2666,48,2714,2.109107864,1.418098786,191383
NCT OF Delhi,,56,KONDLI(SC),5 NOTA,0,,,,,,,NOTA,,552,5,557,0.432856699,0.291039434,191383
NCT OF Delhi,,56,KONDLI(SC),6 AKSHAY KUMAR,0,MALE,,,,32,SC,IND,Whistle,375,,375,0.291420578,0.195942168,191383
NCT OF Delhi,,56,KONDLI(SC),7 DINESH KUMAR KASHYAP,0,MALE,,,,31,SC,SSBDP,Matchbox,212,,212,0.164749767,0.110772639,191383
NCT OF Delhi,,56,KONDLI(SC),8 AMAR SINGH,0,MALE,,,,40,SC,IND,Auto- Rickshaw,172,,172,0.133664905,0.089872141,191383
NCT OF Delhi,,57,PATPARGANJ,1 Manish Sisodia,1,MALE,,,,47,GENERAL,AAAP,Broom,69974,189,70163,49.32511283,30.3130981,231461
NCT OF Delhi,,57,PATPARGANJ,2 Ravinder Singh Negi,0,MALE,,,,43,GENERAL,BJP,Lotus,66703,253,66956,47.07056789,28.92755151,231461
NCT OF Delhi,,57,PATPARGANJ,3 Laxman Rawat,0,MALE,,,,52,GENERAL,INC,Hand,2767,35,2802,1.96982692,1.210571111,231461
NCT OF Delhi,,57,PATPARGANJ,4 Rakesh,0,MALE,,,,36,GENERAL,BSP,Elephant,665,11,676,0.475233047,0.292057841,231461
NCT OF Delhi,,57,PATPARGANJ,5 NOTA,0,,,,,,,NOTA,,524,5,529,0.371890949,0.228548222,231461
NCT OF Delhi,,57,PATPARGANJ,6 Surender Gupta,0,MALE,,,,35,GENERAL,JmtP,Battery torch,321,,321,0.225665397,0.138684271,231461
NCT OF Delhi,,57,PATPARGANJ,7 Surjeet Singh,0,MALE,,,,47,GENERAL,IND,Sewing Machine,215,,215,0.151146605,0.092888219,231461
NCT OF Delhi,,57,PATPARGANJ,8 Sanjeev Bhati,0,MALE,,,,33,GENERAL,HND,Water Tank,184,,184,0.129353374,0.079495034,231461
NCT OF Delhi,,57,PATPARGANJ,9 Pratap Chandra,0,MALE,,,,50,GENERAL,RRP,Air Conditioner,95,,95,0.066785709,0.041043632,231461
NCT OF Delhi,,57,PATPARGANJ,10 Manoj Kumar,0,MALE,,,,31,GENERAL,IND,Triangle,79,,79,0.05553759,0.03413102,231461
NCT OF Delhi,,57,PATPARGANJ,11 Gopal Prasad,0,MALE,,,,47,GENERAL,IND,Cup & Saucer,77,,77,0.054131575,0.033266943,231461
NCT OF Delhi,,57,PATPARGANJ,12 Rakesh Suri,0,MALE,,,,43,GENERAL,RTORP,Auto- Rickshaw,60,,60,0.042180448,0.025922294,231461
NCT OF Delhi,,57,PATPARGANJ,13 Shatrughan Kumar Singh,0,MALE,,,,39,GENERAL,HAMS,Telephone,46,,46,0.032338343,0.019873758,231461
NCT OF Delhi,,57,PATPARGANJ,14 Vinay Kumar Singh,0,MALE,,,,35,GENERAL,JSPR,Chappals,43,,43,0.030229321,0.018577644,231461
NCT OF Delhi,,58,LAXMI NAGAR,1 ABHAY VERMA,1,MALE,,,,47,GENERAL,BJP,Lotus,65462,273,65735,48.04487648,29.63812942,221792
NCT OF Delhi,,58,LAXMI NAGAR,2 NITIN TYAGI,0,MALE,,,,46,GENERAL,AAAP,Broom,64629,226,64855,47.40169566,29.24136128,221792
NCT OF Delhi,,58,LAXMI NAGAR,3 HARI DUTT SHARMA,0,MALE,,,,51,GENERAL,INC,Hand,4836,36,4872,3.560882912,2.19665272,221792
NCT OF Delhi,,58,LAXMI NAGAR,4 NOTA,0,,,,,,,NOTA,,545,5,550,0.401988013,0.247980089,221792
NCT OF Delhi,,58,LAXMI NAGAR,5 JAI RAM LAL,0,MALE,,,,55,GENERAL,BSP,Elephant,439,7,446,0.325975735,0.201089309,221792
NCT OF Delhi,,58,LAXMI NAGAR,6 DEEP KUMAR,0,MALE,,,,46,GENERAL,LPOI,Pendulum,135,,135,0.098669785,0.06086784,221792
NCT OF Delhi,,58,LAXMI NAGAR,7 ANIMA OJHA,0,FEMALE,,,,32,GENERAL,RTORP,Auto- Rickshaw,77,1,78,0.057009209,0.035168085,221792
NCT OF Delhi,,58,LAXMI NAGAR,8 NAMAHA,0,MALE,,,,32,GENERAL,LJP,Bungalow,76,,76,0.055547435,0.03426634,221792
NCT OF Delhi,,58,LAXMI NAGAR,9 R D TIWARI,0,MALE,,,,56,GENERAL,LKSHPLK,Dish Antenna,73,,73,0.053354773,0.032913721,221792
NCT OF Delhi,,59,VISHWAS NAGAR,1 OM PRAKASH SHARMA,1,MALE,,,,67,GENERAL,BJP,Lotus,65335,495,65830,52.56601694,32.90726679,200047
NCT OF Delhi,,59,VISHWAS NAGAR,2 DEEPAK SINGLA,0,MALE,,,,34,GENERAL,AAAP,Broom,49170,203,49373,39.42491196,24.68070004,200047
NCT OF Delhi,,59,VISHWAS NAGAR,3 GURCHARAN SINGH,0,MALE,,,,55,GENERAL,INC,Hand,7801,80,7881,6.293069718,3.9395742,200047
NCT OF Delhi,,59,VISHWAS NAGAR,4 NOTA,0,,,,,,,NOTA,,834,20,854,0.681928885,0.426899679,200047
NCT OF Delhi,,59,VISHWAS NAGAR,5 DILEEP GAUTAM,0,MALE,,,,29,GENERAL,BSP,Elephant,726,13,739,0.590100054,0.369413188,200047
NCT OF Delhi,,59,VISHWAS NAGAR,6 NEESHA,0,FEMALE,,,,32,GENERAL,IND,Bat,143,,143,0.114187155,0.071483201,200047
NCT OF Delhi,,59,VISHWAS NAGAR,7 ANIL KUMAR,0,MALE,,,,28,GENERAL,NYP,Laptop,133,2,135,0.107799063,0.067484141,200047
NCT OF Delhi,,59,VISHWAS NAGAR,8 SADHNA,0,FEMALE,,,,25,GENERAL,JDKRP,Glass Tumbler,106,,106,0.084642227,0.052987548,200047
NCT OF Delhi,,59,VISHWAS NAGAR,9 ASHOK SURANA,0,MALE,,,,45,GENERAL,IND,Helicopter,105,,105,0.083843715,0.052487665,200047
NCT OF Delhi,,59,VISHWAS NAGAR,10 BABU RAM,0,MALE,,,,62,SC,PPID,Basket containing Fruits,67,,67,0.053500275,0.033492129,200047
NCT OF Delhi,,60,KRISHNA NAGAR,1 S. K. Bagga (Advocate),1,MALE,,,,65,GENERAL,AAAP,Broom,71936,175,72111,49.1035375,33.16500407,217431
NCT OF Delhi,,60,KRISHNA NAGAR,2 Dr. Anil Goyal,0,MALE,,,,62,GENERAL,BJP,Lotus,67809,307,68116,46.38316707,31.32763957,217431
NCT OF Delhi,,60,KRISHNA NAGAR,3 Dr. Ashok Kumar Walia,0,MALE,,,,71,GENERAL,INC,Hand,5032,47,5079,3.4585135,2.335913462,217431
NCT OF Delhi,,60,KRISHNA NAGAR,4 NOTA,0,,,,,,,NOTA,,527,5,532,0.362262095,0.244675322,217431
NCT OF Delhi,,60,KRISHNA NAGAR,5 Advocate Manjeet Singh,0,MALE,,,,32,GENERAL,BSP,Elephant,358,4,362,0.246501651,0.166489599,217431
NCT OF Delhi,,60,KRISHNA NAGAR,6 Charanjeet,0,MALE,,,,37,GENERAL,AAPP,Battery torch,304,2,306,0.208368799,0.140734302,217431
NCT OF Delhi,,60,KRISHNA NAGAR,7 Munish Bagga,0,MALE,,,,48,GENERAL,RRP,Bat,234,1,235,0.16002179,0.108080265,217431
NCT OF Delhi,,60,KRISHNA NAGAR,8 Suresh Kumar,0,MALE,,,,38,GENERAL,BALP,Plate Containing Food,114,,114,0.077627592,0.052430426,217431
NCT OF Delhi,,61,GANDHI NAGAR,1 ANIL KUMAR BAJPAI,1,MALE,,,,62,GENERAL,BJP,Lotus,48657,167,48824,42.63844132,26.7044429,182831
NCT OF Delhi,,61,GANDHI NAGAR,2 NAVEEN CHAUDHARY,0,MALE,,,,54,GENERAL,AAAP,Broom,42610,135,42745,37.32959557,23.37951441,182831
NCT OF Delhi,,61,GANDHI NAGAR,3 ARVINDER SINGH LOVELY,0,MALE,,,,51,GENERAL,INC,Hand,21818,95,21913,19.13682133,11.98538541,182831
NCT OF Delhi,,61,GANDHI NAGAR,4 TIKRAJ SINGH,0,MALE,,,,38,SC,BSP,Elephant,352,5,357,0.311771333,0.195262291,182831
NCT OF Delhi,,61,GANDHI NAGAR,5 NOTA,0,,,,,,,NOTA,,326,,326,0.284698752,0.178306742,182831
NCT OF Delhi,,61,GANDHI NAGAR,6 MUKESH KUMAR,0,MALE,,,,36,GENERAL,IND,BUCKET,164,,164,0.143222685,0.089700324,182831
NCT OF Delhi,,61,GANDHI NAGAR,7 MD. HAROON,0,MALE,,,,53,GENERAL,IND,Brush,90,,90,0.078597815,0.049225788,182831
NCT OF Delhi,,61,GANDHI NAGAR,8 RAVINDRA KUMAR,0,MALE,,,,36,GENERAL,IND,Harmonium,88,,88,0.076851197,0.048131881,182831
NCT OF Delhi,,62,SHAHDARA,1 RAM NIWAS GOEL,1,MALE,,,,72,GENERAL,AAAP,Broom,61808,295,62103,49.53063812,32.78812293,189407
NCT OF Delhi,,62,SHAHDARA,2 SANJAY GOYAL,0,MALE,,,,51,GENERAL,BJP,Lotus,56416,393,56809,45.30837514,29.99308368,189407
NCT OF Delhi,,62,SHAHDARA,3 DR. NARENDER NATH,0,MALE,,,,75,GENERAL,INC,Hand,4387,87,4474,3.56826683,2.362109109,189407
NCT OF Delhi,,62,SHAHDARA,4 INDU,0,FEMALE,,,,35,GENERAL,BSP,Elephant,677,25,702,0.559884514,0.370630441,189407
NCT OF Delhi,,62,SHAHDARA,5 NOTA,0,,,,,,,NOTA,,405,6,411,0.327795634,0.216993036,189407
NCT OF Delhi,,62,SHAHDARA,6 NISHANT SHARMA,0,MALE,,,,36,GENERAL,PBI,FLUTE,375,,375,0.299083608,0.197986347,189407
NCT OF Delhi,,62,SHAHDARA,7 ALLAH BAKASH,0,MALE,,,,52,GENERAL,RJBP,Cauliflower,223,,223,0.177855052,0.117735881,189407
NCT OF Delhi,,62,SHAHDARA,8 RANJANA MUNESH CHAUHAN,0,FEMALE,,,,40,GENERAL,BSNP,Wheel Barrow,195,,195,0.155523476,0.1029529,189407
NCT OF Delhi,,62,SHAHDARA,9 VIMLA,0,FEMALE,,,,39,GENERAL,SSBDP,Matchbox,91,,91,0.072577622,0.048044687,189407
NCT OF Delhi,,63,SEEMA PURI(SC),1 RAJENDRA PAL GAUTAM,1,MALE,,,,51,SC,AAAP,Broom,88080,312,88392,65.82123895,45.0276609,196306
NCT OF Delhi,,63,SEEMA PURI(SC),2 SANT LAL,0,MALE,,,,56,SC,LJP,Bungalow,32138,146,32284,24.04033033,16.44575306,196306
NCT OF Delhi,,63,SEEMA PURI(SC),3 VEER SINGH DHINGAN,0,MALE,,,,66,SC,INC,Hand,7568,93,7661,5.70477545,3.902580665,196306
NCT OF Delhi,,63,SEEMA PURI(SC),4 KAMAL SINGH,0,MALE,,,,58,SC,BSP,Elephant,1532,33,1565,1.165379661,0.797224741,196306
NCT OF Delhi,,63,SEEMA PURI(SC),5 BADAN SINGH,0,MALE,,,,54,SC,svjn,Typewriter,1099,5,1104,0.822095301,0.562387293,196306
NCT OF Delhi,,63,SEEMA PURI(SC),6 NOTA,0,,,,,,,NOTA,,973,29,1002,0.746140843,0.510427598,196306
NCT OF Delhi,,63,SEEMA PURI(SC),7 MANOJ KUMAR,0,MALE,,,,38,SC,PPID,Basket containing Fruits,716,4,720,0.536149109,0.366774322,196306
NCT OF Delhi,,63,SEEMA PURI(SC),8 KANISHK SINGH,0,MALE,,,,27,SC,IND,Helicopter,515,,515,0.383495543,0.262345522,196306
NCT OF Delhi,,63,SEEMA PURI(SC),9 LALIT KUMAR,0,MALE,,,,35,SC,MZEKP,Plate Containing Food,418,1,419,0.312008995,0.213442279,196306
NCT OF Delhi,,63,SEEMA PURI(SC),10 VIJAY,0,MALE,,,,44,SC,JaSSP,Stool,357,1,358,0.266585251,0.182368343,196306
NCT OF Delhi,,63,SEEMA PURI(SC),11 RAJESH KUMAR LOHIYA,0,MALE,,,,47,SC,BSNP,Wheel Barrow,271,,271,0.201800567,0.138049779,196306
NCT OF Delhi,,64,ROHTAS NAGAR,1 Jitender Mahajan,1,MALE,,,,50,GENERAL,BJP,Lotus,73377,496,73873,51.94020826,35.02036095,210943
NCT OF Delhi,,64,ROHTAS NAGAR,2 Sarita Singh,0,FEMALE,,,,33,GENERAL,AAAP,Broom,60389,243,60632,42.63044288,28.7433098,210943
NCT OF Delhi,,64,ROHTAS NAGAR,3 Vipin Sharma,0,MALE,,,,42,GENERAL,INC,Hand,5513,59,5572,3.91768089,2.641471867,210943
NCT OF Delhi,,64,ROHTAS NAGAR,4 Trivender,0,MALE,,,,38,GENERAL,BSP,Elephant,608,11,619,0.435219754,0.293444201,210943
NCT OF Delhi,,64,ROHTAS NAGAR,5 NOTA,0,,,,,,,NOTA,,507,6,513,0.360691008,0.243193659,210943
NCT OF Delhi,,64,ROHTAS NAGAR,6 Anupam Sharma,0,MALE,,,,47,GENERAL,IND,Ganna Kisan,376,,376,0.264366119,0.178247204,210943
NCT OF Delhi,,64,ROHTAS NAGAR,7 Sanjeev Kumar,0,MALE,,,,40,SC,AAPP,Battery Torch,226,,226,0.158900912,0.107137947,210943
NCT OF Delhi,,64,ROHTAS NAGAR,8 Pankaj Gupta,0,MALE,,,,26,GENERAL,IND,Scissors,212,,212,0.149057493,0.100501083,210943
NCT OF Delhi,,64,ROHTAS NAGAR,9 Mukesh Babu Saxena,0,MALE,,,,63,GENERAL,IND,CCTV Camera,112,,112,0.078747355,0.053094912,210943
NCT OF Delhi,,64,ROHTAS NAGAR,10 Manish Kumar,0,MALE,,,,31,GENERAL,NYAYPR,Man Blowing Turha,92,,92,0.064685327,0.043613678,210943
NCT OF Delhi,,65,SEELAMPUR,1 ABDUL REHMAN,1,MALE,,,,53,GENERAL,AAAP,Broom,72611,83,72694,56.04607414,39.99537842,181756
NCT OF Delhi,,65,SEELAMPUR,2 KAUSHAL KUMAR MISHRA,0,MALE,,,,52,GENERAL,BJP,Lotus,35619,155,35774,27.58126195,19.68243139,181756
NCT OF Delhi,,65,SEELAMPUR,3 CHAUDHARY MATEEN AHMAD,0,MALE,,,,61,GENERAL,INC,Hand,20207,40,20247,15.61015851,11.13965976,181756
NCT OF Delhi,,65,SEELAMPUR,4 MOHD. AFZAL,0,MALE,,,,40,GENERAL,BSP,Elephant,348,4,352,0.271387158,0.193666234,181756
NCT OF Delhi,,65,SEELAMPUR,5 NOTA,0,,,,,,,NOTA,,311,,311,0.239776722,0.171108519,181756
NCT OF Delhi,,65,SEELAMPUR,6 RAHISUDDIN AHMAD,0,MALE,,,,54,GENERAL,BAHUMP,Auto- Rickshaw,175,,175,0.134922593,0.096282929,181756
NCT OF Delhi,,65,SEELAMPUR,7 SUKHDEB SINGH SINGH,0,MALE,,,,42,GENERAL,RJBP,Cauliflower,151,,151,0.116418923,0.083078413,181756
NCT OF Delhi,,66,GHONDA,1 AJAY MAHAWAR,1,MALE,,,,48,GENERAL,BJP,Lotus,81336,461,81797,57.54799947,36.77955737,222398
NCT OF Delhi,,66,GHONDA,2 SHRIDUTT SHARMA,0,MALE,,,,59,GENERAL,AAAP,Broom,53221,206,53427,37.58838304,24.02314769,222398
NCT OF Delhi,,66,GHONDA,3 BHISHAM SHARMA,0,MALE,,,,60,GENERAL,INC,Hand,5448,36,5484,3.858249435,2.465849513,222398
NCT OF Delhi,,66,GHONDA,4 NOTA,0,,,,,,,NOTA,,508,4,512,0.360215848,0.230217898,222398
NCT OF Delhi,,66,GHONDA,5 K. P. RANGARI,0,MALE,,,,62,GENERAL,PPID,Basket containing Fruits,163,,163,0.114678092,0.073292026,222398
NCT OF Delhi,,66,GHONDA,6 ANIL SINGH,0,MALE,,,,39,SC,svjn,Typewriter,156,2,158,0.111160359,0.071043804,222398
NCT OF Delhi,,66,GHONDA,7 MANISH KUMAR,0,MALE,,,,26,SC,MKDVP,Gas Cylinder,131,,131,0.092164602,0.058903407,222398
NCT OF Delhi,,66,GHONDA,8 HARISH,0,MALE,,,,40,GENERAL,IND,Cup & Saucer,120,,120,0.084425589,0.05395732,222398
NCT OF Delhi,,66,GHONDA,9 MAN SINGH,0,MALE,,,,60,GENERAL,JDKRP,Glass Tumbler,91,,91,0.064022739,0.040917634,222398
NCT OF Delhi,,66,GHONDA,10 Dr. TEJPAL,0,MALE,,,,32,GENERAL,RTORP,Auto- Rickshaw,77,,77,0.054173087,0.034622614,222398
NCT OF Delhi,,66,GHONDA,11 REEMA,0,FEMALE,,,,37,GENERAL,RVNP,Gas Stove,73,,73,0.0513589,0.032824036,222398
NCT OF Delhi,,66,GHONDA,12 AVNI DHILWAL,0,FEMALE,,,,28,GENERAL,NYAYPR,Man Blowing Turha,62,,62,0.043619888,0.027877949,222398
NCT OF Delhi,,66,GHONDA,13 BIMLESH KUMAR SHARMA,0,MALE,,,,38,GENERAL,SatBP,Black Board,42,,42,0.029548956,0.018885062,222398
NCT OF Delhi,,67,BABARPUR,1 GOPAL RAI,1,MALE,,,1,44,GENERAL,AAAP,Broom,84587,189,84776,59.39356574,39.02358189,217243
NCT OF Delhi,,67,BABARPUR,2 NARESH GAUR,0,MALE,,,NA,68,GENERAL,BJP,Lotus,51323,391,51714,36.23052348,23.80467955,217243
NCT OF Delhi,,67,BABARPUR,3 ANVEEKSHA JAIN,0,FEMALE,,,NA,35,GENERAL,INC,Hand,5109,22,5131,3.594748347,2.361871269,217243
NCT OF Delhi,,67,BABARPUR,4 NOTA,0,,,,NA,,,NOTA,,327,3,330,0.231196054,0.151903629,217243
NCT OF Delhi,,67,BABARPUR,5 DHARM SINGH,0,MALE,,,NA,52,SC,BSP,Elephant,204,7,211,0.147825356,0.09712626,217243
NCT OF Delhi,,67,BABARPUR,6 SHIVANI GAUR,0,FEMALE,,,NA,36,GENERAL,IND,Tractor Chalata Kissan,164,,164,0.114897433,0.0754915,217243
NCT OF Delhi,,67,BABARPUR,7 ZAHID ALI,0,MALE,,,NA,39,GENERAL,NCP,Clock,150,,150,0.105089116,0.069047104,217243
NCT OF Delhi,,67,BABARPUR,8 KALI RAM,0,MALE,,,NA,71,GENERAL,PPID,Basket containing Fruits,114,,114,0.079867728,0.052475799,217243
NCT OF Delhi,,67,BABARPUR,9 PRINCE KUMAR,0,MALE,,,NA,33,GENERAL,MZEKP,Plate Containing Food,55,,55,0.038532676,0.025317271,217243
NCT OF Delhi,,67,BABARPUR,10 JAKIR CHAUDHARY,0,MALE,,,NA,49,GENERAL,IND,Key,54,,54,0.037832082,0.024856957,217243
NCT OF Delhi,,67,BABARPUR,11 SADEQUE MUNIRODDIN SHAIKH,0,MALE,,,NA,32,GENERAL,TPSTP,Kettle,37,,37,0.025921982,0.017031619,217243
NCT OF Delhi,,68,GOKALPUR(SC),1 SURENDRA KUMAR,1,MALE,,,,52,SC,AAAP,Broom,88090,362,88452,53.22149751,37.67457907,234779
NCT OF Delhi,,68,GOKALPUR(SC),2 RANJEET SINGH,0,MALE,,,,48,SC,BJP,Lotus,68575,389,68964,41.49558353,29.37400704,234779
NCT OF Delhi,,68,GOKALPUR(SC),3 PRAVEEN KUMAR,0,MALE,,,,32,SC,BSP,Elephant,4558,41,4599,2.767214614,1.958863442,234779
NCT OF Delhi,,68,GOKALPUR(SC),4 S P SINGH,0,MALE,,,,61,SC,INC,Hand,2212,21,2233,1.34359431,0.951107211,234779
NCT OF Delhi,,68,GOKALPUR(SC),5 SHANU KUMAR,0,MALE,,,,35,SC,AAPP,Battery Torch,593,,593,0.356807625,0.252577956,234779
NCT OF Delhi,,68,GOKALPUR(SC),6 NOTA,0,,,,,,,NOTA,,449,7,456,0.274374835,0.194225208,234779
NCT OF Delhi,,68,GOKALPUR(SC),7 FATEH SINGH,0,MALE,,,,56,SC,NCP,Clock,418,2,420,0.252713663,0.178891639,234779
NCT OF Delhi,,68,GOKALPUR(SC),8 RAVI KUMAR,0,MALE,,,,29,SC,PPID,Basket containing Fruits,342,,342,0.205781126,0.145668906,234779
NCT OF Delhi,,68,GOKALPUR(SC),9 SUNITA DEVI,0,FEMALE,,,,45,SC,NYAYPR,Man Blowing Turha,137,,137,0.08243279,0.058352749,234779
NCT OF Delhi,,69,MUSTAFABAD,1 HAJI YUNUS,1,MALE,,,,58,GENERAL,AAAP,Broom,98681,169,98850,53.20465897,37.62131304,262750
NCT OF Delhi,,69,MUSTAFABAD,2 JAGDISH PRADHAN,0,MALE,,,,66,GENERAL,BJP,Lotus,77845,301,78146,42.06101447,29.74157945,262750
NCT OF Delhi,,69,MUSTAFABAD,3 ALI MEHDI,0,MALE,,,,35,GENERAL,INC,Hand,5355,8,5363,2.886561316,2.041103711,262750
NCT OF Delhi,,69,MUSTAFABAD,4 SURESH KUMAR MALKANI,0,MALE,,,,44,SC,BSP,Elephant,1185,19,1204,0.648036514,0.458230257,262750
NCT OF Delhi,,69,MUSTAFABAD,5 NOTA,0,,,,,,,NOTA,,459,3,462,0.248665174,0.17583254,262750
NCT OF Delhi,,69,MUSTAFABAD,6 MAYUR BHAN,0,MALE,,,,25,GENERAL,NCP,Clock,288,,288,0.155012056,0.109609895,262750
NCT OF Delhi,,69,MUSTAFABAD,7 MURARI LAL,0,MALE,,,,54,GENERAL,AAPP,Battery torch,266,,266,0.143170858,0.101236917,262750
NCT OF Delhi,,69,MUSTAFABAD,8 VIVEK TOMAR,0,MALE,,,,26,GENERAL,NYP,Laptop,263,,263,0.141556149,0.100095147,262750
NCT OF Delhi,,69,MUSTAFABAD,9 SHIV KUMAR,0,MALE,,,,51,GENERAL,IND,Hand Cart,245,,245,0.131867895,0.093244529,262750
NCT OF Delhi,,69,MUSTAFABAD,10 ANIL KUMAR GUPTA,0,MALE,,,,47,GENERAL,LJP,Bungalow,234,,234,0.125947296,0.08905804,262750
NCT OF Delhi,,69,MUSTAFABAD,11 MANISH KUMAR,0,MALE,,,,33,SC,MKDVP,Gas Cylinder,116,2,118,0.063511884,0.04490961,262750
NCT OF Delhi,,69,MUSTAFABAD,12 SHAMA PARVEEN,0,FEMALE,,,,39,GENERAL,IND,Tractor Chalata Kissan,94,,94,0.050594213,0.035775452,262750
NCT OF Delhi,,69,MUSTAFABAD,13 POONAM,0,FEMALE,,,,49,GENERAL,NYAYPR,Man Blowing Turha,80,,80,0.043058905,0.030447193,262750
NCT OF Delhi,,69,MUSTAFABAD,14 SUBHASH,0,MALE,,,,45,GENERAL,RJ,Scissors,78,,78,0.041982432,0.029686013,262750
NCT OF Delhi,,69,MUSTAFABAD,15 KAMAL,0,MALE,,,,37,GENERAL,HND,Water Tank,59,,59,0.031755942,0.022454805,262750
NCT OF Delhi,,69,MUSTAFABAD,16 IMRAN MATLUB KHAN,0,MALE,,,,32,GENERAL,TPSTP,Kettle,42,,42,0.022605925,0.015984776,262750
NCT OF Delhi,,70,KARAWAL NAGAR,1 MOHAN SINGH BISHT,1,MALE,,,,62,GENERAL,BJP,Lotus,96390,331,96721,50.59000136,34.15253369,283203
NCT OF Delhi,,70,KARAWAL NAGAR,2 DURGESH PATHAK,0,MALE,,,,31,GENERAL,AAAP,Broom,88317,181,88498,46.28895421,31.24896276,283203
NCT OF Delhi,,70,KARAWAL NAGAR,3 ARBIND SINGH,0,MALE,,,,52,GENERAL,INC,Hand,2236,6,2242,1.172680008,0.79165828,283203
NCT OF Delhi,,70,KARAWAL NAGAR,4 NATHU RAM,0,MALE,,,,68,GENERAL,BSP,Elephant,818,6,824,0.430993901,0.29095737,283203
NCT OF Delhi,,70,KARAWAL NAGAR,5 RANJIT TIWARI,0,MALE,,,,48,GENERAL,CPIM,"Hammer, Sickle and Star",413,1,414,0.216543052,0.146184892,283203
NCT OF Delhi,,70,KARAWAL NAGAR,6 NOTA,0,,,,,,,NOTA,,370,3,373,0.195097967,0.131707644,283203
NCT OF Delhi,,70,KARAWAL NAGAR,7 S.N. Singh,0,MALE,,,,72,GENERAL,IND,CCTV Camera,371,,371,0.194051866,0.131001437,283203
NCT OF Delhi,,70,KARAWAL NAGAR,8 SUNITA N. KUMAR,0,FEMALE,,,,48,GENERAL,PPID,Basket containing Fruits,257,,257,0.134424069,0.090747626,283203
NCT OF Delhi,,70,KARAWAL NAGAR,9 MOHAN SINGH,0,MALE,,,,38,GENERAL,IND,Cauliflower,248,,248,0.129716611,0.087569694,283203
NCT OF Delhi,,70,KARAWAL NAGAR,10 AJAY SINGH RATHOR,0,MALE,,,,26,GENERAL,IND,Fountain,206,,206,0.107748475,0.072739342,283203
NCT OF Delhi,,70,KARAWAL NAGAR,11 BHASKARANAND MUNDEPI,0,MALE,,,,43,GENERAL,SUCI,Battery torch,189,,189,0.098856611,0.066736581,283203
NCT OF Delhi,,70,KARAWAL NAGAR,12 MOHD. ILIAS,0,MALE,,,,39,GENERAL,SDPI,Auto- Rickshaw,169,,169,0.088395594,0.059674509,283203
NCT OF Delhi,,70,KARAWAL NAGAR,13 BANDANA PANDEY,0,FEMALE,,,,28,GENERAL,SP(I),Bat,168,,168,0.087872543,0.059321405,283203
NCT OF Delhi,,70,KARAWAL NAGAR,14 YOGESH SWAMY,0,MALE,,,,37,GENERAL,IND,Plastering Trowel,131,,131,0.068519661,0.046256572,283203
NCT OF Delhi,,70,KARAWAL NAGAR,15 VIPIN KUMAR TIWARI,0,MALE,,,,27,GENERAL,RRP,Air Conditioner,104,,104,0.054397289,0.036722775,283203
NCT OF Delhi,,70,KARAWAL NAGAR,16 HARISH,0,MALE,,,,40,GENERAL,MKDVP,Gas Cylinder,81,,81,0.042367119,0.028601392,283203
NCT OF Delhi,,70,KARAWAL NAGAR,17 MOHD. MEHBOB ALAM,0,MALE,,,,32,GENERAL,RTPP,Sewing Machine,66,,66,0.034521356,0.023304838,283203
NCT OF Delhi,,70,KARAWAL NAGAR,18 PRADESH KUMAR RAGHAV,0,MALE,,,,37,GENERAL,SPRP,Scissors,63,,63,0.032952204,0.022245527,283203
NCT OF Delhi,,70,KARAWAL NAGAR,19 IMRAN KHAN,0,MALE,,,,32,GENERAL,TPSTP,Kettle,61,,61,0.031906102,0.02153932,283203
